Date,basantpur_rainfall,Andhiyarkhore,Bamnidhi,Simga,Ghatora,Rajim,Rampur,Basantpur
01-07-2001,21.94435667,5.4,1350,35,150,160,108,2250
02-07-2001,3.318059259,4.078,496.334,97.25,78,150.366,119.859,1353.26
03-07-2001,2.335703981,3.071,163.761,105.4,35.327,62.633,68.933,1145.23
04-07-2001,7.705986759,2.343,156.041,67.31,21.23,36.257,48.694,676.221
05-07-2001,31.77152454,2.321,148.249,48.46,22.491,29.935,23.432,646.76
06-07-2001,29.31647407,3.877,175.177,37.953,159.533,99.106,27.432,709.075
07-07-2001,17.35703241,11.933,411.439,477.3,70.24,1050.6,87.417,1057.81
08-07-2001,22.975135,7,250,700,76,850,350,1300
09-07-2001,38.97421889,28.225,263.791,760.9,80,7132.83,1382.81,4300
10-07-2001,17.84769907,40.664,524.369,1745.4,62.885,3500,743.7,15685
11-07-2001,24.12992685,23.316,536.635,1600.8,105,1199.84,279.806,10000
12-07-2001,44.00553426,36.27,811.786,767.5,297.543,1155.64,207.386,4800
13-07-2001,29.11964074,150.8,1800,565.3,636.004,1350.27,229.084,5900
14-07-2001,14.28594148,94.047,1145.83,454.5,379.061,615.661,187.2,5200
15-07-2001,13.9549037,65,2100,400,325,500,240,6000
16-07-2001,14.91275231,32.779,1510,253.9,173,467.934,567.373,5500
17-07-2001,37.235475,31.425,1400.28,295.6,137.687,1291.37,800,4600
18-07-2001,18.53122778,26.555,1904.24,591.3,148,1201.8,837.814,8000
19-07-2001,12.33913157,20.228,1500,656.8,100,765.402,416.962,6600
20-07-2001,7.934602685,15.28,1300.07,690.6,150,748.686,244.778,5000
21-07-2001,12.34477389,13.896,500,661.5,96,469.044,190.952,3329.4
22-07-2001,22.57114667,8.5,1600,510,92.739,650,150,3800
23-07-2001,20.22732657,9.14,1900,454.6,160,387.986,97.649,3850
24-07-2001,12.63658648,6.138,3036,382.6,200,352.143,147.724,4000
25-07-2001,11.04372861,57.303,3000,312.7,215,951.827,159.304,4400
26-07-2001,5.70742213,43.907,2800,640.1,210,909.097,218.973,4600
27-07-2001,8.087499815,60.17,3016.93,596.8,180,552.181,198.555,5500
28-07-2001,16.08882435,30.017,2400,552,174,367.211,255.792,5000
29-07-2001,4.886095185,30,2200,810,120,350,240,5000
30-07-2001,6.248383704,17.201,2088,529,92.739,141.817,140.197,4300
31-07-2001,4.143476944,16.265,2100.26,331.3,108.063,108.907,75.332,3500
01-08-2001,5.617388241,11.002,750.43,205.336,140,90.093,54.19,2925.04
02-08-2001,7.919941389,7,395,179.597,112.8,96.889,31.918,1200
03-08-2001,14.66021611,7.705,399,140.347,100.715,126.653,130.207,1860.32
04-08-2001,14.08680907,7.1,400,157.654,125,174.246,84.163,1908.67
05-08-2001,13.24937778,18.148,350,210,116,600,155,2000
06-08-2001,7.390607778,7.6,312.206,305.616,67.465,944.8,137.235,1608.96
07-08-2001,7.665800833,6.243,263.114,402.575,44.789,628.424,90.401,2463.87
08-08-2001,4.932429444,12.43,263.539,382.827,45.201,214.335,61.106,2326.57
09-08-2001,14.51711185,7.5,244,532.896,42.478,183.458,33.31,1567.25
10-08-2001,8.546532778,5.5,318.518,564.896,104,336.317,50.11,2056.07
11-08-2001,12.05044667,13.047,400,530.859,120,315.066,133.082,2015.92
12-08-2001,2.830563241,69,500,440,106,300,190,2600
13-08-2001,3.624158611,75,324.975,398,98,215.543,97.652,2578.86
14-08-2001,39.89744148,39.707,331.9,470.971,110,359.222,105.088,2395.15
15-08-2001,12.19582417,442.313,350,1500,200,1850,65,2400
16-08-2001,4.430300833,97.159,328.659,1664.52,135,850.415,59.03,5500.47
17-08-2001,3.946488056,65,372.906,822.256,110,353.158,50.655,3877.25
18-08-2001,9.288268796,40.652,400,498.166,116,260.752,33.177,2735.57
19-08-2001,20.4175787,31,400,350,108,1160,40,2200
20-08-2001,46.98462157,23.83,293.9,355.415,70,3038,91.147,2065.49
21-08-2001,32.76246343,77.5,515.6,1468,340,6001,268.813,5979
22-08-2001,18.0693413,60,1051,3513.38,565.4,1423.24,232.899,12573
23-08-2001,5.831456574,55.108,746.05,1585.48,452.6,984.055,170.314,8000
24-08-2001,29.35317778,63.588,600,1609.46,749.5,918.883,449.023,6160
25-08-2001,7.671636389,98.756,461.303,2466.4,490.8,718.101,268.024,6464.2
26-08-2001,4.801837315,60,400,2200,275,332.52,190,6190
27-08-2001,6.944393519,34.62,355.592,1006.24,165,314.489,221.069,4917.54
28-08-2001,2.480269167,25.147,390,516.805,145,235.604,169.632,3411.7
29-08-2001,0.823180278,16.16,350.1,421.002,102,181.891,149.7,2438.5
30-08-2001,0.660900648,11.054,300.3,247.585,71.99,161.493,57.221,1904.6
31-08-2001,9.473138333,8.18,300.6,194.543,63.52,86.378,52.256,1717
01-09-2001,11.57568583,7.33,315.095,160.84,65,85.782,67.187,1350
02-09-2001,6.124858519,7,210,160,140,85.782,75,1300
03-09-2001,5.134490185,6.254,199.735,163.742,100,70.632,64.675,1346.42
04-09-2001,2.296845648,6.894,284.2,190,120,100.487,53.764,1425.67
05-09-2001,4.724675278,6.102,260,188.416,85,70.676,42.717,1294.03
06-09-2001,0.467713333,7.6,143,220.85,70,75.339,87.038,1209.92
07-09-2001,1.745068333,6.355,135.642,165.276,62,65.742,92.322,1389.62
08-09-2001,0.182005833,12.898,138.3,157.262,80,56.137,66.312,1334.14
09-09-2001,0.673328333,7.5,235,175,61,52.35,50,1200
10-09-2001,1.089715556,5.5,140.05,153.627,75,40.915,46.009,1050
11-09-2001,6.644230278,4.458,139,122.664,58,37.22,42.057,900
12-09-2001,1.484746389,4.858,140.634,102.605,52,40.162,28.485,880
13-09-2001,0.912602778,4.443,127.435,103.599,46,100.43,26.655,810
14-09-2001,1.963096296,4.888,134.875,147.877,48,60.609,33.237,711.002
15-09-2001,0.84141787,5.031,140,111.84,56,75.946,37.977,738.521
16-09-2001,0.695123981,4,125,110,45,54.78,42,800
17-09-2001,8.576680185,4.141,140,99.656,40,43.903,48.456,715.797
18-09-2001,0.292945926,2.989,160,101.843,36.262,42.799,45.4,713.09
19-09-2001,1.165854815,3.011,127.875,92,38.146,45.548,50.279,679.9
20-09-2001,0,3.376,115.21,78.275,46,50.548,44.872,696.5
21-09-2001,0.0272825,3.508,100,69.026,30.492,45.067,39.997,685.454
22-09-2001,0.266509444,2.869,113.862,64.156,28.654,42.279,27.831,622.857
23-09-2001,1.259354722,2,120,60,25,40,24,540
24-09-2001,0.483656019,1.989,142.898,54.792,20.51,32.228,17.62,546.129
25-09-2001,1.883328611,1.929,125.82,42.916,20.1,30.114,13.226,493.337
26-09-2001,8.619033796,1.959,88.59,47.285,23.32,35.606,14.155,439.649
27-09-2001,1.201511667,1.895,64.3,90.332,30.163,58.87,28.548,421.754
28-09-2001,2.298416759,2.16,81.664,93.186,30.87,49.653,31.511,454.391
29-09-2001,4.314121759,1.931,63.133,96.35,25.57,46.713,33.842,506.655
30-09-2001,5.066590278,1.85,94,70,19,46,26,550
01-07-2002,3.708181759,3.235,140,38.698,3.6,25.546,3.756,396.423
02-07-2002,5.810253056,3.15,265,34.538,2.655,20.674,3.564,362.238
03-07-2002,6.47268537,3.003,400,23.973,2.725,15.028,3.509,387.51
04-07-2002,2.162398981,2.582,200,22.737,2.655,14.872,3.5,372.193
05-07-2002,1.931300741,2.238,400,20.639,2.235,15.194,3.401,404.558
06-07-2002,1.018523426,1.923,220,12.984,6.262,14.05,3.367,372.084
07-07-2002,2.389500833,1.72,300,10,3.2,13.4,3.367,285
08-07-2002,0.403935,1.326,210,7.08,2.209,13.239,3.225,375.9
09-07-2002,0.843995648,1.009,230,6.675,1.383,12.137,2.702,395.746
10-07-2002,1.717559537,0.981,350,6.677,1.127,11.775,2.778,385.716
11-07-2002,1.242615648,1.322,235,8.003,1.846,11.165,2.711,348.496
12-07-2002,0.70101463,0.875,400,8.282,0.852,11.095,2.676,365.802
13-07-2002,4.569814907,0.759,325,7.068,0.804,10.007,2.749,358.443
14-07-2002,5.533179352,0.759,260,4,0.9,10.5,1.2,330
15-07-2002,12.31460472,3.15,280,3.202,0.962,12.766,7.768,260
16-07-2002,13.80891296,1.595,240,3.197,0.953,31.755,3.358,360
17-07-2002,5.11685713,0.926,250,3.08,0.89,19.543,2.721,242.285
18-07-2002,11.27205315,0.54,130,10.718,0.874,21.701,7.149,182.557
19-07-2002,11.2024263,0.486,160,18.391,0.872,84.116,3.162,219.875
20-07-2002,18.33152491,5.303,82,40.793,0.942,55.42,2.84,172.954
21-07-2002,8.506708426,4.2,80,70,3,40,3.2,150
22-07-2002,3.424496759,4.259,130,40.196,9.915,40.755,2.908,204.54
23-07-2002,0.545708981,3.923,150,36.237,28.128,35.815,2.835,244.942
24-07-2002,0.242818426,2.811,90,21.86,17.392,30.662,2,270
25-07-2002,0.013962407,2.2,75,23.323,6.26,19.352,1.847,229.207
26-07-2002,0.069977778,1.72,180,13.065,3.362,17.304,1.793,211.556
27-07-2002,0.102776481,1.17,85,9.99,2.852,16.506,2,195.543
28-07-2002,1.059814907,1.335,70,8,1.8,14,1.8,160
29-07-2002,1.147302778,1.3,65,4.406,1.355,15.115,0.78,137.48
30-07-2002,1.319208796,1.5,120,4.003,1.212,14.603,0.472,139.863
31-07-2002,11.3831825,1.3,110,3.799,1.075,19.454,5.272,128.197
01-08-2002,11.37137759,0.612,160,3.593,0.976,34.476,3.996,135.211
02-08-2002,3.864681852,195.84,120,2.577,1.143,39.35,4.003,200
03-08-2002,8.753377037,11.675,90,2.621,1.031,30.903,3.684,139.618
04-08-2002,9.242263796,5,113,14,1.24,38.5,2,155
05-08-2002,7.989343241,2.291,70,9.791,2.399,30.516,12.444,302.558
06-08-2002,8.337910463,33.553,70,9.15,4.059,28.426,9.789,262.174
07-08-2002,6.1891425,15.238,65,7.828,4.951,33.741,12.793,188.281
08-08-2002,5.112429907,12.292,65,3.649,7.31,29.999,4.386,285.472
09-08-2002,11.58361241,8.516,60,3.684,9.628,25.575,2.563,267.207
10-08-2002,29.19524907,17.702,146.962,23.81,20,30.283,57.269,422.071
11-08-2002,9.734590833,10,200,220,32,90,65,800
12-08-2002,7.189172407,9.038,225,156.386,18,40.323,22.914,659.433
13-08-2002,21.92080648,12.403,165,51.822,11.073,36.638,21.126,508.656
14-08-2002,11.05222685,4.98,146,36.4,6.8,39.49,7.763,509.589
15-08-2002,8.530287963,3.9,110,75,7.169,50,6,410
16-08-2002,25.22807185,13.022,100,281.26,10.52,40.632,65.363,438.512
17-08-2002,36.58132898,46.522,118,1408.6,27,105.663,76.92,921.594
18-08-2002,7.7059775,258.312,370,1950,35.417,270,37,1900
19-08-2002,3.808236667,40.19,190,1084.38,46.502,143.442,20.638,2441.79
20-08-2002,3.290630185,18.886,120,533.016,25,99.15,19.894,1934.77
21-08-2002,11.96040731,19.529,98,350.386,19.049,82.228,18.35,1121.48
22-08-2002,21.00901019,23.127,80,271.717,85,112.289,47.146,1071.65
23-08-2002,31.31769389,41.22,100,425.671,55,290,51.889,1092.63
24-08-2002,15.33768463,34.799,125,828.128,51.11,838.018,92.939,813.849
25-08-2002,2.678116296,36.1,110,930,54,300,135,2300
26-08-2002,0.565200463,22.966,135,623.636,38,145.716,58.731,1939.78
27-08-2002,4.491986019,13.606,65,361.695,26,92.516,42.881,1374.72
28-08-2002,7.088462407,8.35,95,231.659,40,71.028,38.631,927.566
29-08-2002,10.88960917,4.804,88,182.132,22.597,59.888,25.463,738.189
30-08-2002,15.79518157,4.75,85,280,19.7,70,49,700
31-08-2002,21.67325093,12.981,170.909,394.195,170,130.247,127.979,1200
01-09-2002,17.99969222,21.28,300,385,101,180,250,2600
02-09-2002,30.08887778,43.734,210,649.324,70.777,250.237,240.484,2160
03-09-2002,6.176262315,45.793,220,800.057,60.333,185,240.949,1889.04
04-09-2002,9.975314352,112.442,220,577.495,60.995,137.981,153.683,2025.54
05-09-2002,8.893304537,65,270,446.286,70,100.97,154.221,1891.55
06-09-2002,6.973159537,313.14,280,384.03,80,95.729,127.026,1643.43
07-09-2002,17.53682917,413.363,250,450.58,200.657,83.053,117.314,1713.32
08-09-2002,19.53918315,375,320,505,248.5,75,245,2600
09-09-2002,9.337701111,172.348,340,421.134,383.24,68.83,202.599,2800.36
10-09-2002,7.457270556,84.242,400,397.096,155,64.499,139.419,2429.7
11-09-2002,17.9820937,55.101,380,364.123,129.866,67.038,577.8,2400
12-09-2002,19.35779815,40.902,500,323.608,128.389,74.359,619.7,3402.19
13-09-2002,4.152515741,35.465,550,294.496,111.257,109.706,306.78,2570.66
14-09-2002,2.056009537,26.832,290,264.126,120,80.054,162.045,1836.6
15-09-2002,0.208325278,25.5,225,215,87.96,60,90,1200
16-09-2002,2.358973333,15.236,189.321,152.85,75.482,45.282,48.076,880.334
17-09-2002,0.243747222,12.338,120,68.78,70.488,40.391,35.822,652.021
18-09-2002,0.087671481,10.054,110,39.049,80,31.127,20.725,540.905
19-09-2002,0.153372593,8.149,100,35.144,73.418,28.31,14.307,444.354
20-09-2002,0.082898704,9.972,95,32.859,74.798,20.489,9.613,451.195
21-09-2002,0.315682593,6.357,159.166,30.914,22.213,20.042,7.245,388.29
22-09-2002,0.003929259,5.2,140,30,20.24,20,6,350
23-09-2002,3.537243519,4.733,90,28.477,13.695,19.527,4.893,227.456
24-09-2002,0.855387593,4.183,134.643,24.667,17.569,20.735,4.978,219.773
25-09-2002,2.061148611,3.605,148.509,16.421,14.093,19.527,3.89,215.246
26-09-2002,5.480976667,5.747,148,14.688,16.223,23.761,3.216,207.072
27-09-2002,0.291185833,3.439,181.249,14.26,12.083,25.322,2.825,209.057
28-09-2002,0.001851204,2.29,161.904,14.173,12.492,24.531,3.32,199.864
29-09-2002,0,2.29,240,14.2,10.24,24,3.5,190
30-09-2002,0,2.316,145,10.568,11.229,22.779,3.518,170
01-07-2003,5.29730787,7.841,125.748,9.243,33.5,3.714,1.2,260.643
02-07-2003,13.06224537,4.261,69.686,9.254,35,12.201,2,164.238
03-07-2003,6.964910185,5.657,85.112,9.884,26.092,6.782,2.2,162.67
04-07-2003,19.02293991,9.21,76.65,14.681,10,5.099,1.8,155.782
05-07-2003,14.67018528,37.65,115,20.545,16,5.493,1.9,152.141
06-07-2003,4.854374259,13,70,75,68,6.25,2.5,125
07-07-2003,6.613896574,9.038,47.705,65.148,22,5.366,2,263.043
08-07-2003,7.191431204,6.829,50.338,41.945,8,5.009,1.9,270.736
09-07-2003,8.354310185,3.323,45.969,69.724,5.89,19.014,1.9,244.943
10-07-2003,15.45416574,2.051,46.494,43.162,12.815,9.383,3.5,202.771
11-07-2003,12.67602898,9.317,85.676,80.582,15.266,56,5.898,247.598
12-07-2003,10.29167287,15.7,106.268,186.814,11,175.388,31.001,290.077
13-07-2003,3.783665093,12.9,80,220,33,100,55,295
14-07-2003,6.09432787,6.499,75.548,173.272,70,55.776,30.767,490.077
15-07-2003,19.51630741,12.195,72.28,72.811,39.395,49.943,59.307,520.394
16-07-2003,9.582682593,6.935,170.249,53.651,49,58.971,60,484.584
17-07-2003,12.25135556,9.583,76.025,49.727,30,38.833,60.162,487.608
18-07-2003,7.083859074,6.622,60.316,76.726,18,36.263,36.289,422.013
19-07-2003,4.823306944,2.862,60.174,103.747,11.07,65.196,18.316,328.639
20-07-2003,2.910514444,2.08,50,110,8,50,8,300
21-07-2003,13.66757685,1.817,110,86.573,7,31.469,8.746,282.336
22-07-2003,18.6433037,7.5,244.066,98.484,13.164,54.105,26.802,324.245
23-07-2003,26.50363019,7.422,318.897,178.848,120,76.89,26.802,747.379
24-07-2003,25.62374028,22.7,265.732,373.374,50.058,83.705,39.937,1006.83
25-07-2003,28.39178333,12.81,200.295,774.836,40,200,39.029,1293.51
26-07-2003,23.75989815,12.74,205.372,953.618,41.33,460.02,28.685,1571.52
27-07-2003,38.30642056,120.942,260,1400,32,325,222,3000
28-07-2003,7.393353333,85.396,180.716,1972.05,48.572,477.265,719.981,4728.85
29-07-2003,1.5766625,35.274,140.063,1335.64,40,125.062,222.457,3814.33
30-07-2003,3.294426852,16.924,100.202,570.987,25,75.648,99.124,2374.04
31-07-2003,3.87811463,10.227,220.269,315.129,28,50.648,93.87,1692.62
01-08-2003,27.24113306,5.982,145.6,203.878,19,47.125,83.889,1058.86
02-08-2003,25.41570713,3.541,144.1,175.788,15.77,278.665,98.584,856.806
03-08-2003,11.35230463,1.4,160,260,15.64,800,1130,1800
04-08-2003,20.2887713,1.386,263.227,560.769,25.566,471.158,398.64,2590.47
05-08-2003,10.67262972,1.169,171.837,580.84,20.452,1174.89,412.237,2313.57
06-08-2003,6.258390093,1.096,171.837,550.873,18,836.934,292.657,2800
07-08-2003,4.834326574,1.033,171.837,611.012,32.479,220.609,275.801,2231.69
08-08-2003,8.760205741,10.172,120.573,530.02,17.41,201.954,183.383,1823.59
09-08-2003,8.138725,3.165,104.858,401.009,13.678,197.36,69.711,1294.24
10-08-2003,17.78332037,16,210,380,19,790,180,1249
11-08-2003,25.828355,14.509,950.571,434.496,22.249,451.959,345.285,2180.97
12-08-2003,13.064595,21.159,389.683,670.481,100,536.209,466.58,2948.14
13-08-2003,21.00408343,20,338.677,530.441,105,455.262,327.427,2393.39
14-08-2003,19.80986222,15,700.377,692.582,170,493.471,323.678,2292.13
15-08-2003,13.73549861,24,350,1050,110,490,200,2293
16-08-2003,5.846947037,19.573,327.165,1631.41,80,521.808,512.169,3164.29
17-08-2003,1.059839074,17,165,1075,55.35,211,210,3500
18-08-2003,8.39951537,3.348,114.251,600.54,33.979,162.535,184.463,2251.93
19-08-2003,7.61765213,3.546,99.892,385.164,31.908,148.017,105.136,1501.75
20-08-2003,2.170397222,1.373,216.454,412.509,20.353,206.987,65.831,1214.31
21-08-2003,1.283767685,1.035,103.408,495.409,19,221.888,105.845,1174.7
22-08-2003,21.2473213,24.349,90.28,396.481,32,208.166,58.401,1354.74
23-08-2003,37.66549898,41,220.863,502.267,40,434.173,105.136,1062.24
24-08-2003,8.642684352,45,350,2160,125,495,115,2252
25-08-2003,0.770029074,51.174,165.067,3562.98,90,505.996,160.761,3735.78
26-08-2003,1.213242407,20.432,96.562,1264.96,50.416,343.073,99.955,3980
27-08-2003,21.86136056,9.084,91.559,580.825,51.199,198.599,81.836,2405.89
28-08-2003,38.36105648,1.273,80.093,438.97,45.944,4040.95,3990.11,1596.8
29-08-2003,70.78581324,190.859,800.797,2663.49,225,8448.9,10958.4,17798
30-08-2003,22.84301833,220.064,1284.11,4865.09,180,2285.45,2511.61,33087.9
31-08-2003,7.162401019,100.89,650,2920,150,950,340,9710.78
01-09-2003,12.41176009,57.957,339.121,954.147,218,790.956,209.461,4975.31
02-09-2003,48.42258981,50.319,2800.76,936.348,250,2823.77,1080.45,4561.46
03-09-2003,30.15279981,275.47,2000,2909.35,280,2332.43,1621.2,12267.9
04-09-2003,6.646017685,140.234,900,2719.99,180,1410.24,1417.03,12090.3
05-09-2003,7.437295463,77.186,700,1430.47,130,915.169,445.167,5760.52
06-09-2003,16.20597306,61.61,1467.24,653.096,183,512.284,378.888,4200
07-09-2003,35.8081713,50,2500,525,198,1350,6840,9000
08-09-2003,29.37683065,97.231,6731.39,1002.44,220,1800.57,1164.67,11011.6
09-09-2003,10.16035602,65,3101.95,1807.86,260,1326.78,457.873,7000
10-09-2003,4.906097037,63.67,2929.68,1029.01,464.413,1344.68,266.445,5329.27
11-09-2003,2.390352685,39.497,3407.54,703.039,390.901,947.703,205.292,5503.37
12-09-2003,5.001711111,32.439,1267.31,551.968,257,526.334,126.667,3500
13-09-2003,16.28806481,30.727,817.168,507.004,202,535.599,123.541,2487.54
14-09-2003,23.15022231,35,1300.5,500,324.44,1500,1000,3000
15-09-2003,11.67224639,90.477,1493.04,511.93,375.963,958.09,610.242,5800
16-09-2003,3.527759259,37.09,939.789,405.341,290,431.353,275.104,4000
17-09-2003,2.587186481,25.096,869.93,323.114,270,392.366,174.045,2460.38
18-09-2003,3.735238333,30,1500.62,269.693,257.105,357.769,117.512,2122.42
19-09-2003,15.07838889,30.076,2000.66,274.423,234.194,386.628,170.395,2281.51
20-09-2003,4.091547685,26.003,894.11,296.012,194,379.11,162.146,2537.58
21-09-2003,4.982895556,33,550,375,165,421,140,1744
22-09-2003,9.61128713,39.315,550,371.309,194,421.009,101.883,1791.35
23-09-2003,17.38795111,28.595,800.721,330.748,206,399.208,126.476,2171.04
24-09-2003,8.619667685,27.255,653.429,412.423,160,374.965,133.003,1864.78
25-09-2003,8.278259074,45.927,474.057,691.437,200,362.956,82.808,1842.49
26-09-2003,3.384208704,28.415,449.905,526.272,120,409.484,82.808,1809.31
27-09-2003,8.821251204,22,251.158,398.862,111.27,396.156,75.782,1629.31
28-09-2003,16.70045843,65,350,500,118.41,350,60,1481
29-09-2003,14.29000185,92.374,404.189,791.061,140,558.879,104.211,1494.86
30-09-2003,4.500156019,160.583,587.739,993.756,155.068,450.705,280.934,3234.47
01-07-2004,11.59609667,3.681,108.895,12.917,2.48,39.258,7.721,332.47
02-07-2004,21.76683194,5.728,97.117,22.506,4,46.305,12.92,357.246
03-07-2004,5.487871574,8.162,153.393,165.429,3.319,43.703,11.648,355.35
04-07-2004,15.1554287,9,170,110,28,185,14,362
05-07-2004,11.05161056,5.231,162.399,97.272,45,250.483,185.75,1200
06-07-2004,4.627530741,8.896,90,87.628,44,102.181,105.543,1400
07-07-2004,7.425800278,9.714,131.933,56.418,50,47.919,42.534,900
08-07-2004,8.199343611,10.855,90,40.098,25,48.694,23.107,600
09-07-2004,8.068783611,8.877,104.966,37.532,40,51.992,28.309,700
10-07-2004,5.310390093,5.06,93.491,41.581,5.402,39.14,26.297,500.395
11-07-2004,7.962795833,3,140,38,4.45,28,43,480
12-07-2004,6.358930278,2.692,164.403,25.052,10,24.464,46.467,503.119
13-07-2004,4.899566944,2.083,183.433,24.049,16,42.383,44.324,480
14-07-2004,13.92814833,5.583,117.012,43.414,6,38.425,95.122,415.961
15-07-2004,8.751195833,7.785,56.929,59.462,4,48.874,71.927,446.314
16-07-2004,21.9887287,20.881,51.729,76.251,9,197.902,47.527,366.936
17-07-2004,19.90830546,18.051,115.543,1210.82,8,157.884,31.202,406.547
18-07-2004,3.115404815,14,135,1150,7.03,100,30,800
19-07-2004,4.91592287,6.302,88.703,500.671,35,84.704,17,2100
20-07-2004,1.715760093,3.806,105,250.305,23,50.802,14.805,1025.45
21-07-2004,3.305880463,3.454,219.426,160.01,4,161.553,13.058,709.091
22-07-2004,4.052519259,2.194,89.785,110.775,9,138.971,12.539,512.195
23-07-2004,9.204593611,2.41,91.463,87.188,9,42.034,26.157,538.222
24-07-2004,7.003612778,18.618,94.399,162.18,15,43.653,27.686,516.07
25-07-2004,8.525863056,15,100,225,4,45,13,560
26-07-2004,6.030639259,75,106.074,380.64,4,129.328,88.376,745.689
27-07-2004,8.115026852,28.384,83.571,380.354,4.762,361.152,100,900
28-07-2004,13.37953148,36.037,75,700.29,23,194.253,118.194,1010
29-07-2004,14.33088343,75,75,1210.68,35,975.743,865.533,3707.44
30-07-2004,16.27915426,56.122,116.898,1696.61,50,1016.08,300.634,4392.34
31-07-2004,7.980749815,60.426,372.533,1100.94,95,709.699,155.636,4200
01-08-2004,1.404873056,38,175,675,32,600,110,3400
02-08-2004,2.084946944,20.593,128.134,400.309,20.167,299.091,76.722,2400
03-08-2004,14.72882657,12.586,122,270.94,15.63,140.713,39.007,1492.93
04-08-2004,9.474374444,9.145,270,220.277,13.479,483.382,80,1364.09
05-08-2004,17.3185825,18,144.462,349.516,35,464.094,142,1000
06-08-2004,13.65392037,40.616,173.152,802.145,20,714.807,103.907,1400
07-08-2004,8.942624167,26.287,299.472,615.309,15.594,588.046,82.503,2500
08-08-2004,47.24490648,45,1060,400,275,715,75,2653
09-08-2004,29.64407407,383.585,1300,557.373,325.75,1406.54,275,6023.65
10-08-2004,24.82489148,164.274,605,990.182,200,1126.61,300,7019.15
11-08-2004,20.18918204,94.683,506.761,1131.57,225.432,1285.01,260.045,5192.11
12-08-2004,32.11981546,64.257,4691,844.466,165,1073.49,245.215,4900.1
13-08-2004,7.7078775,118.515,2354.37,670.78,444.021,930.527,170,6100.13
14-08-2004,5.946648981,55,1894.17,507.267,400.23,640.74,135,5542.58
15-08-2004,2.69988,44,1950,350,375,500,105,4012.5
16-08-2004,1.854549444,46.046,1100,263.59,230.423,313.52,93.954,3750
17-08-2004,0.767688889,33.815,606.645,243.512,150,268.012,55.996,2231.75
18-08-2004,2.569079352,24.738,472.722,203.029,120,107.16,40.323,1635.09
19-08-2004,9.024000278,21.613,490.942,183.014,95,71.387,39.22,1207.67
20-08-2004,10.81724241,22.502,573.193,203.319,90,84.279,30.43,1010
21-08-2004,26.58974583,17.667,1361.42,237.706,85.862,104.336,101.404,2117.94
22-08-2004,27.14386602,19,600,300,99.21,1800,400,3000
23-08-2004,8.758452963,193.734,828.152,880.434,168,3003.24,449.744,4826.65
24-08-2004,0.459345833,85,1049.4,970.773,120,1500.9,248.545,7890.56
25-08-2004,0.398334444,52.643,516.853,611.558,82.585,821.283,132.243,4016.75
26-08-2004,2.281422037,40.365,438.748,400.359,70.716,329.844,112.84,2870.56
27-08-2004,0.511532593,29.763,410.959,319.8,60,311.175,58.889,2000.53
28-08-2004,0.057891852,21.014,392.158,225.473,51.873,139.08,56.756,1400
29-08-2004,0.006597407,18,300,190,45.5,90,30,1121
30-08-2004,0.042846944,14.021,267.789,153.465,40,69.756,20.407,900
31-08-2004,0.110386204,11.132,237.599,99.911,32.728,47.326,15.818,848.871
01-09-2004,0.7109275,9.382,245.921,87.086,34,40.079,14.66,540
02-09-2004,1.716488611,8.635,230.683,84.154,40,37.064,14.299,452
03-09-2004,5.562439259,9.593,267.305,77.21,39,45.759,22.93,450
04-09-2004,13.6597075,12.824,280,79.459,70,175.815,21.084,575
05-09-2004,2.683659815,8.5,285,105,65,480,175,700
06-09-2004,3.976211389,8.221,260,263.138,38,230.321,111,1200
07-09-2004,0.971110463,8,220,240,31,130,60,1100
08-09-2004,0.375922407,13.832,225,220.101,37,103.876,30.602,950
09-09-2004,0.189373519,7.57,191,202.29,33.76,71.843,20.513,800
10-09-2004,0.335196667,6.132,218,170.823,8,64.851,15.506,675
11-09-2004,7.637815093,5.428,190,140.062,27.459,58.334,12.755,625
12-09-2004,4.673495648,5,185,170,15.68,125,11,505
13-09-2004,2.519093241,6.198,135,231.026,8,90.877,10.237,500
14-09-2004,1.650825463,5.009,110,212.305,20,87.565,19.933,750
15-09-2004,1.540843148,3.261,93.012,179.449,9,69.909,18.187,650
16-09-2004,1.461688056,18.63,91.065,173.82,2,50.923,14.064,500
17-09-2004,1.145293889,9.487,74.914,150.88,8,47.025,10.315,475
18-09-2004,0.470848333,10.372,71.544,130.418,9,51.968,9.758,405
19-09-2004,5.047286759,6,71,128,8.09,40,7,350
20-09-2004,12.8759038,4.644,78.32,97.006,7.685,27.872,7.735,350
21-09-2004,4.866937593,4.644,78.688,95.725,30,27.059,8.169,350
22-09-2004,3.999803333,71.895,78.32,129.468,55,141.529,8.977,380
23-09-2004,0.221975926,25.871,120,175.542,30,48.611,11.035,725
24-09-2004,2.127476759,19.869,88,171.948,60,39.275,13.919,625
25-09-2004,5.52777037,18.466,125,180.152,40,47.373,13.162,575
26-09-2004,4.268973519,19,191,190,35,85,14,580
27-09-2004,2.539620556,43.59,150,361.691,39,57.658,14.095,700
28-09-2004,3.332029815,20.854,78.322,332.089,20.065,45.701,17.043,775
29-09-2004,0.765468148,17.8,71.54,257.379,35,45.492,15.854,850
30-09-2004,0.162969722,13.951,82.65,199.778,18.309,54.175,15.187,650
01-07-2005,22.40267157,41.069,350,137.882,190,37.663,12,2700
02-07-2005,16.31417889,27.202,425,116.245,120,20.077,21.686,1826.92
03-07-2005,8.676582407,18,210,230,70,15,11,1400
04-07-2005,4.798121574,10.717,128.013,300,59,12.854,8,900
05-07-2005,7.25534713,7.679,109.249,130,51,10.394,7,900
06-07-2005,6.096522778,7.623,89.747,86.22,48.055,8.809,6.5,609.891
07-07-2005,2.246479907,8.817,100,50.221,58,7.451,12,536.423
08-07-2005,9.304691019,38.486,117.413,46.873,52.694,8.525,6,565.063
09-07-2005,9.300416667,106.422,117.185,73.079,49,19.426,24,665.565
10-07-2005,8.454908426,260.005,130,275,58,30,23,670.8
11-07-2005,6.445121204,163.566,89.362,200,64,19.757,17.789,1244.01
12-07-2005,11.29472852,75.431,520,150,142,23.784,10.483,1140
13-07-2005,9.459430926,70.056,500,250,110,29.355,10.231,1285.15
14-07-2005,12.41052028,56.178,150.644,149,70,27.909,17.537,1177.31
15-07-2005,10.8956,71.077,264,112.968,90,31.478,22.597,1200
16-07-2005,7.124179537,113.069,162.618,112.697,90,73.429,24.041,1190
17-07-2005,8.608585278,58,425,150,69,140,45,1270
18-07-2005,0.632374537,38.424,149.843,156.214,68,61.749,40.968,1100
19-07-2005,4.732926481,16.839,118.143,117.111,50.131,33.668,22,900
20-07-2005,0.702494444,29.334,264,89.284,40,37.624,18.975,608.681
21-07-2005,2.273586019,35.542,180,74.167,40,28.949,38.186,793.515
22-07-2005,10.55734389,26.468,220,62.707,50.885,26.762,22.548,785.233
23-07-2005,20.17074907,54.862,210,60.097,53.918,26.355,21.1,814.107
24-07-2005,14.78067037,220,500,260,62,80,25,950
25-07-2005,31.2253,176.688,245,800,70,75,19.02,1562.24
26-07-2005,17.47139759,170.611,263.381,1308.67,75,495,120,2700
27-07-2005,15.68844722,151.62,195,1700,140,969.05,390.108,5250
28-07-2005,1.814418796,120.467,135.616,1500.69,80,400,180,5800
29-07-2005,3.698208333,63.683,117.355,700,68,300,89.86,3500
30-07-2005,11.5521775,45.689,130,400,52.175,135,64.13,2100.03
31-07-2005,68.93011574,255,875,475,280,875,310,3400
01-08-2005,14.49620491,210,950,3451.79,300,1194.85,1582.54,10515.6
02-08-2005,4.133858519,112.686,600,3092.31,150,800,330,8800
03-08-2005,3.256898056,78,340.284,1295,90,572.554,175,5700
04-08-2005,36.47898889,58,431.54,619.945,80,487.916,119.811,3100
05-08-2005,45.02996713,78,3266.71,522.936,635.933,591.071,134.274,5100
06-08-2005,25.90748491,145,1500,2841.37,525,521.456,198.006,5900
07-08-2005,10.08886389,340,1000,3260,270,410,400,7000
08-08-2005,1.094768148,150,675,1910.37,151,450,242.446,6500
09-08-2005,2.666271204,78,525,850,120,350,144.904,4250
10-08-2005,0.029018519,55,350,564.505,90,300,95.641,2350
11-08-2005,0.032991759,38.81,310.59,337.53,83,96.088,45.319,1929.85
12-08-2005,1.808846852,21.337,287.929,214.255,78,55.797,50.086,1606.21
13-08-2005,2.198391019,19.173,276.886,179.554,73,40.357,44.555,1218.93
14-08-2005,1.221448889,20,150,120,70,40,35,900
15-08-2005,9.838138889,23,120,110,75,50,30,897.8
16-08-2005,17.13888426,49.484,225,200.09,90,80.619,57.211,969.866
17-08-2005,11.76346009,50.906,250,551.761,120,245,62.093,1314.11
18-08-2005,4.32236787,36.059,287.246,533.891,95,190,96.882,1930.14
19-08-2005,39.3258037,30,418.497,364.188,83,140,480,2000
20-08-2005,43.27055833,58,456.991,2282.51,400.353,1100,180,2800
21-08-2005,22.47093796,60,750,4000,270,1950,220,6500
22-08-2005,14.8453363,44,410,5500,170,1000,279.965,8437.47
23-08-2005,8.986484722,36.826,375,3252.25,110,700,150,7025
24-08-2005,5.129388519,21.681,334.676,1001.11,100,410,140,5400
25-08-2005,1.230808796,19.397,491.53,596.797,93,200,94.745,2600
26-08-2005,0.016455741,17.872,334.287,321.653,91,150,62.157,2023.22
27-08-2005,0.037545463,13.404,184.915,252.317,80,77.176,40.464,1768.44
28-08-2005,0.354325278,12,160,200,65,70,42,1314
29-08-2005,0.056822685,11.916,141.877,160.112,54,53.751,28.46,999.757
30-08-2005,0.050119074,11.46,103.234,134.909,50,43.909,30.647,689.171
31-08-2005,0.427529815,10.674,138.074,102.073,42,45.565,11.452,618.715
01-09-2005,0.606265648,6.633,133.583,89.668,40,44.341,11.076,532.694
02-09-2005,0.383518519,6.778,109.542,81.545,33,37.13,7.928,542.569
03-09-2005,6.398656944,11.063,89.283,78.83,52,39.159,7.316,412.542
04-09-2005,4.848404537,44,199,150,37,57,12.5,443.6
05-09-2005,5.152854722,75,185.496,117.3,58,56.496,12.858,598.644
06-09-2005,2.446359074,29.154,239.412,199.078,58,53.836,13.31,978.594
07-09-2005,5.737777778,31,310,198,50,54,20,970.7
08-09-2005,5.438148056,18.852,206.436,271.808,53,48.814,32.01,941.171
09-09-2005,3.486227037,14.379,92.669,196.342,51,36.928,33.477,797.405
10-09-2005,3.144734537,20,70.232,126.79,45,60.201,26.557,748.056
11-09-2005,9.644635185,52,72,100,70,62,20,625
12-09-2005,29.95734111,44,139.957,356.416,60,490,12.685,825.113
13-09-2005,36.62364676,65.135,109.186,2000,80,2000,42.437,1020.49
14-09-2005,38.50767315,175,425,3800,90,2907.17,1200,7627.35
15-09-2005,30.78300704,583.915,685.785,7000,170,1459.85,590.138,11520.7
16-09-2005,3.145003333,335,592.149,11000,250,1250,262.644,9501.56
17-09-2005,6.764982778,150,361.575,10728.7,160,672.942,127.677,9290
18-09-2005,3.189738796,98,325,4000,130,450,118,9200
19-09-2005,14.69446204,65,198.82,679.281,89,497.725,113.462,6750
20-09-2005,1.842564352,50.69,310,574.116,78,900,93.529,2079.74
21-09-2005,1.387500185,35.628,245.396,571.935,65,800,80.344,1857.9
22-09-2005,3.245874815,35.38,218.118,585.864,60,495,75.486,1851.01
23-09-2005,1.290743796,55,231.072,580.57,55,237.809,58.947,1757.31
24-09-2005,0.696550185,45,195.153,504.39,54,157.448,55.989,1411.21
25-09-2005,0.268790556,36,120,360,53,60,42,1184
26-09-2005,0.815873426,34.245,101.235,301.256,51,70.66,32.003,1121.37
27-09-2005,0.268627037,27.662,119.518,261.767,48,52.504,17.284,928.716
28-09-2005,0.15696963,24.471,101.454,210.457,46,42.587,14.246,864.731
29-09-2005,0.139707685,19.798,77.733,197.054,42.732,36.37,12.573,727.214
30-09-2005,0.119748519,17.633,72.704,150.335,41.081,39.545,12.141,715.687
01-07-2006,4.874257037,11.022,90.361,1.394,49.60204255,2.262,202.9660588,141.192
02-07-2006,3.589182593,4.993,85,1.4,49.87691489,2.3,209.1217059,70
03-07-2006,41.20334278,4.47,89.392,1.299,50.15178723,5.52,215.2773529,65.662
04-07-2006,53.54646361,2.251,58.876,1.492,50.42665957,2528.15,221.433,73.29
05-07-2006,10.16410204,2.102,91.749,3.997,50.70153191,1471.18,204.847,1186.05
06-07-2006,1.172514722,1.745,79.887,362.28,50.97640426,707.491,102.79,1685.34
07-07-2006,0.678964259,1.091,65.096,213.131,51.2512766,536.959,43.188,1437.82
08-07-2006,0.188725648,0.937,69.818,104.794,51.52614894,369.884,19.103,1146.27
09-07-2006,1.284262315,1.25,60,70,51.80102128,259.48,15,726.5
10-07-2006,2.263492685,0.928,50.514,44.658,52.07589362,207.85,8.783,673.164
11-07-2006,1.8422575,0.769,31.669,32.941,52.35076596,100.497,6.035,359.575
12-07-2006,4.158970463,0.662,25.333,29.367,52.6256383,72.655,5.11,292.823
13-07-2006,1.691562778,0.556,31.741,26.661,52.90051064,54.64,4.215,264.612
14-07-2006,2.854597037,0.874,27.147,27.185,53.17538298,28.61,3.381,173.015
15-07-2006,31.10685713,0.795,26.149,22.491,53.45025532,20.652,19.867,235.308
16-07-2006,28.47543898,5,105,28,53.72512766,18.1,30,350
17-07-2006,24.55721944,32.59,200.244,23.276,54,21.573,66.057,1140.4
18-07-2006,11.82652222,10.621,94.777,22.309,54.036,560.076,127.596,944.076
19-07-2006,1.085887685,22,93.433,116.275,54.583,356.381,89.831,728.979
20-07-2006,5.795167963,2.917,96.4,140.001,45.574,159.471,34.108,944.649
21-07-2006,27.7803963,4.689,69.998,155.058,35.162,214.739,95.197,731.205
22-07-2006,40.78224167,8.682,337.075,119.309,56.208,134.008,286.5,1824.06
23-07-2006,9.129640185,35,650,110,154,500,320,2300
24-07-2006,6.235419722,14,227.156,84.122,65.019,416.39,218.593,1920.42
25-07-2006,3.048162593,7.09,100.556,107.567,52.003,116.564,97.089,1408.02
26-07-2006,10.29442565,4.614,113.8,149.675,47.659,56.507,66.101,1093.94
27-07-2006,27.61267398,108.459,238.13,151.039,45.894,49.895,54.264,730.903
28-07-2006,25.03987222,87.687,360.511,468.687,145.216,1447.2,97.243,910.552
29-07-2006,14.0640488,45.096,118.463,953.212,94.838,1033.56,548.271,2996.34
30-07-2006,16.9640837,23,230,550,91.63,410,430,3317
31-07-2006,18.38883546,15.849,645.636,301.416,92.552,454.163,292.091,3293.28
01-08-2006,3.750950926,45.615,586.323,199.447,159.508,332.19,138.669,2513.68
02-08-2006,26.24279315,25,250.025,146.798,122.832,115.026,205.492,2295.38
03-08-2006,33.18668333,13.385,767.089,117.276,114.999,953.467,1002.42,3109.16
04-08-2006,13.22184102,30,220.004,113.827,64.349,2596.72,1615.95,3652.44
05-08-2006,9.228375926,10.735,200,420.268,53.295,2712.91,524.822,3574.03
06-08-2006,3.169429259,20.5,97,530,49.08,1400,250,3460
07-08-2006,1.34950713,43.657,79.055,433.141,39.291,313.545,155.01,2511.55
08-08-2006,1.066773241,18.649,128.876,319.781,35.543,294.868,106.06,1505.19
09-08-2006,1.548942778,12.932,147.485,227.101,27.654,195.327,63.606,1206.47
10-08-2006,1.646172407,9.538,122.68,164.168,26.169,88.552,47.755,1064.99
11-08-2006,5.708547315,7.368,62.981,113.109,23.048,82.815,40.616,952.18
12-08-2006,8.133094907,10.916,52.833,103.645,45.751,94.972,32.091,729.226
13-08-2006,89.02334167,99,85,2400,47.43,353,3000,4400
14-08-2006,16.20233852,100,135.088,6250.79,41.493,776.591,1505.63,14919.6
15-08-2006,1.870095833,50,105,7200,39.88,500,420,9100
16-08-2006,5.372691019,25,75,5600,34.95,350,265,7750
17-08-2006,30.44181,19.221,73.584,1169.64,39.013,3377.05,304.542,7473.18
18-08-2006,15.176825,20.399,92.562,2378.91,29.93,2866.4,574.721,7169
19-08-2006,3.207725556,13.747,125.491,2368.5,38.913,1112.62,257.307,6502
20-08-2006,2.322840741,13,130,1889.89,34,600,160.1,4900
21-08-2006,5.146493333,8.858,227.817,570.679,39.909,336.092,93.035,3307.83
22-08-2006,32.50877417,8.543,454.288,395.493,87.731,318.341,299.113,3026.51
23-08-2006,25.10656833,5.24,1639.83,318.963,138.433,672.592,358.847,3896.72
24-08-2006,23.68873296,12.621,1025.78,329.607,113.289,1613.91,969.006,4033.66
25-08-2006,12.90868972,37.111,695.064,414.655,102.065,524.818,395.201,4908.82
26-08-2006,6.050283333,19.218,471.309,416.802,81.59,473.37,504.205,4152.92
27-08-2006,11.30389815,35,340,360,75.25,360,380,3200
28-08-2006,2.855440833,16.186,336.584,290.508,73.022,303.009,214.99,2462.47
29-08-2006,3.510673056,11.406,313.783,252.24,60.582,344.684,139.168,1651.25
30-08-2006,49.540425,9.117,370.887,223.927,65.073,500.935,425.478,1698.39
31-08-2006,19.96405333,130,486.77,2034.52,104.108,6789.93,2011.29,6159.04
01-09-2006,0.323135556,128,452.306,3933.7,113.265,2164.87,634.454,13474.8
02-09-2006,0.110580926,74.959,373.808,2504.31,93.863,549.001,282.262,7390.04
03-09-2006,0.170011667,52,345,920,82.02,560,170,6156
04-09-2006,4.248189722,33,260.14,503.453,62.631,473.743,153.805,3018.09
05-09-2006,45.74683889,51.305,474.992,581.114,89.431,1553.71,571.131,3110.32
06-09-2006,8.171190556,154.557,504.952,3040.64,113.531,801.568,594.193,7555.82
07-09-2006,0.941895185,84.157,407.314,3458.69,97.71,412.03,342.846,7002.67
08-09-2006,0.235459537,59.01,328.788,1447.56,75.994,307.89,228.408,6669.62
09-09-2006,3.025988333,47.857,235.406,635.217,85.139,241.179,158.258,3260.22
10-09-2006,4.078332037,38,350,500,85.95,232,100,2011
11-09-2006,0.917749167,31.693,319.95,451.596,69.021,119.703,93.601,1941.03
12-09-2006,2.036897315,28.293,234.568,279.89,59.172,116.484,115.202,1445.31
13-09-2006,2.403570833,17.783,249.567,263.852,90.374,94.51,103.211,1218.14
14-09-2006,3.108678333,19.906,301.17,277.435,62.631,96.669,173.108,1250.83
15-09-2006,5.045486204,24.807,310.58,379.968,74.041,84.659,154.083,1342.82
16-09-2006,6.847469259,18.031,188.542,389.407,62.354,89.275,132.056,1395.08
17-09-2006,2.69007287,15,110,350,65.76,140.05,128,1370
18-09-2006,2.306720093,11.187,104.615,317.563,64.398,140.988,128.221,1148.22
19-09-2006,2.344113056,10.165,90.558,238.596,48.957,86.07,75.764,955.152
20-09-2006,4.508816111,10.595,88.416,209.947,55.195,80.888,67.671,857.554
21-09-2006,8.936650278,15.208,101.568,193.818,62.595,119.593,44.075,813.202
22-09-2006,7.050126019,11.996,109.651,241.01,46.388,135.293,56.022,927.623
23-09-2006,1.846254352,9.085,83.641,316.356,60.126,153.91,55.055,1096.81
24-09-2006,2.970416019,6.65,83.5,320,57.33,148.5,75,1131
25-09-2006,0.114491204,6.348,71.095,345.54,41.458,145.899,53.881,1144.88
26-09-2006,0.019331389,5.895,64.376,243.378,30.865,112.087,70.675,1115.57
27-09-2006,0,5.136,53.62,192.402,26.959,79.072,39.943,863.857
28-09-2006,0.030163241,4.451,83.575,139.691,21.574,67.136,39.212,770.718
29-09-2006,1.232376389,4,71,125,23.05,65,24,741.5
30-09-2006,18.64695102,3.257,100.198,119.819,25.308,87.591,23.154,683.199
01-07-2007,10.98198981,3,60,11000,11.55,1150,2100,12200
02-07-2007,3.738649352,0.99,68.599,11331.7,10.468,383.582,295.498,7456.65
03-07-2007,0.842746852,4.432,46.646,5437.83,7.535,233.029,132.567,6337.12
04-07-2007,2.962842778,2.035,57.335,687.595,6.404,134.445,79.352,5970
05-07-2007,3.07566,2.932,93.165,394.685,7.798,94.046,39.751,1242.42
06-07-2007,6.914126389,1.504,57.352,203.895,5.995,84.179,35.281,1023.76
07-07-2007,53.17885167,1.486,76.604,175.52,60.555,89.111,105.808,1077.47
08-07-2007,27.9689713,15,650,650,160,450,570,3892
09-07-2007,1.175548611,22.402,308.048,1264.81,73.297,338.625,279.193,3794.19
10-07-2007,2.904362037,9.365,152.868,571.97,51.796,152.649,103.632,3500
11-07-2007,1.083818426,4.216,114.942,257.772,37.589,126.899,79.935,2005.28
12-07-2007,3.242469167,2.461,123.048,228.557,31.585,82.801,49.29,1298.59
13-07-2007,20.0486763,3.065,170.503,325.225,37.025,91.279,74.97,1126.48
14-07-2007,29.5359988,5.2,294.641,661.324,40.954,1149.14,176.895,1699.36
15-07-2007,18.06943259,2.95,294.7,780,85,1600,1950,7495.49
16-07-2007,19.65502333,8.842,211.595,857.549,58.88,1108.37,932.15,4482.75
17-07-2007,8.683167222,12.556,908.668,938.474,55.038,539.883,439.099,5317.91
18-07-2007,3.88810537,4.888,250,560.523,45.282,254.763,193.396,3585.51
19-07-2007,2.790889722,6.398,190.034,306.334,27.956,168.798,122.262,2484.05
20-07-2007,3.105563796,2.94,184.72,190.664,24.242,128.707,101.374,1755.68
21-07-2007,3.538163333,1.279,143.1,152.475,21.261,93.272,59.623,1061.95
22-07-2007,2.793489074,1.65,131,110,21.11,110,52,720
23-07-2007,4.043556296,3.501,98.26,93.903,18.418,98.641,43.325,671.883
24-07-2007,12.35010481,0.92,418.419,161.465,20.704,132.851,24.908,733.823
25-07-2007,5.508546019,22.904,265.312,173.864,21.987,94.888,55.359,710.161
26-07-2007,8.313704259,8.754,121.484,134.501,55.705,90.132,52.23,735.296
27-07-2007,14.62799657,8.355,214.789,129.112,50.394,74.756,39.49,1079.37
28-07-2007,11.40290306,22.897,170.913,451.223,54.722,77.15,53.624,1273.93
29-07-2007,11.95043204,9.95,140,300,52.11,74,82,1311
30-07-2007,9.826251667,17.68,253.817,242.812,55.615,93.328,91.571,1635.93
31-07-2007,1.296618333,9.02,214.806,240.156,59.87,106.726,91.297,1276.04
01-08-2007,6.591054074,6.32,85.665,225.571,38.394,64.711,58.181,1032.1
02-08-2007,8.240435648,8.822,105.195,175.097,51.085,43.803,55.031,875.585
03-08-2007,18.72139574,9.202,208.199,153.605,48.2,129.642,56.616,960.332
04-08-2007,3.420669815,17.503,191.313,237.963,94.05,145.149,52.763,948.914
05-08-2007,0.873811204,18.1,105,180,80.64,250,57,964
06-08-2007,22.90968491,38,117.122,151.165,57.78,74.181,85.998,1056.43
07-08-2007,41.89133898,26.348,127.931,513.998,57.138,3819.47,110.063,1428.3
08-08-2007,10.80551278,10.935,117.692,3059.9,42.476,2700,419.448,5506.99
09-08-2007,1.882511574,7.963,101.872,4000.24,48.385,748.646,202.227,7248.57
10-08-2007,1.518015463,42.77,110.705,2947.27,56.121,611.188,104.713,5980.01
11-08-2007,11.75726769,22.364,137.65,592.007,50.483,400.86,112.831,3674.17
12-08-2007,12.30110009,9.6,300,400,47.86,495,100,3464
13-08-2007,9.547854444,6.456,268.901,494.642,45.108,649.208,129.823,2655.77
14-08-2007,8.853545833,4.738,182.874,496.345,38.573,676.67,143.484,2647.01
15-08-2007,1.055023519,4.95,120,500,37.84,510,140,2566
16-08-2007,1.753748704,1.825,82.853,449.151,33.334,366.053,112.698,1934.19
17-08-2007,0.094319167,1.369,82.275,236.115,28.739,210.096,77.109,1712.26
18-08-2007,0.105851667,0.85,69.635,200.752,22.898,141.161,36.126,1118.7
19-08-2007,0.959788333,1.205,82,160,22.73,70,25,791.7
20-08-2007,9.497635648,0.777,73.944,144.621,19.256,87.252,32.428,768.449
21-08-2007,49.80484435,2.46,1379.17,189.997,240.831,491.486,135.909,2269.58
22-08-2007,6.510602685,5.195,560.981,792.495,178.094,327.371,303.866,4969.63
23-08-2007,2.121883056,3.598,231.338,546.857,125.526,201.544,162.364,3412.61
24-08-2007,17.74360787,5.339,179.874,487.73,103.526,131.893,336.815,2567.82
25-08-2007,6.019422685,6.462,183.827,761.163,96.494,150.36,152.861,3471.65
26-08-2007,2.882290185,9.952,105,500,101.3,150,105,2640
27-08-2007,6.025741111,9.147,130.99,509.714,140.495,157.573,92.969,2016.87
28-08-2007,11.50444972,23.9,312.667,831.218,120.101,261.254,210.027,3495.77
29-08-2007,3.1958625,16.69,175.034,662.448,89.96,466.573,125.4,2940.19
30-08-2007,7.402410093,6.924,111.585,539.049,72.616,266.213,192.427,2597.74
31-08-2007,4.823070185,27.528,97.144,481.072,79.972,532.164,205.969,2219.43
01-09-2007,7.617237593,24.795,181.958,419.96,120.477,366.679,193.925,2142.39
02-09-2007,4.345511019,23.5,150,520,111.5,440,135,2120
03-09-2007,9.303276204,24.118,109.731,538.915,106.446,557.856,97.586,2023.1
04-09-2007,7.003224167,55.5,185,800,93.57,800,125,1983
05-09-2007,9.261991111,19.593,367.415,627.916,118.097,578.484,202.133,3411.07
06-09-2007,26.83222167,120,292.887,883.486,215.872,625.507,148.658,2822.59
07-09-2007,7.753573148,56.512,176.298,1375.16,218.866,603.195,295.146,4722.71
08-09-2007,7.277823241,48.951,248.164,1197.22,190.5,525.679,216.529,4582.9
09-09-2007,12.6876712,48,240,750,130,445,230,4463
10-09-2007,18.40239509,60.172,310.501,1136.55,130.749,536.089,198.128,4172.19
11-09-2007,4.911366852,80.043,330.51,1027.17,145.98,527.678,259.423,4881.62
12-09-2007,2.894585,60.589,224.893,666.897,118.458,404.164,186.929,3711.76
13-09-2007,2.098903981,47.157,117.037,487.099,83.253,202.728,123.003,2535.83
14-09-2007,4.353372407,24.911,88.721,330.889,65.654,121.329,70.199,1874.11
15-09-2007,7.62804213,17.917,87.73,279.179,47.032,706.688,73.224,1341.04
16-09-2007,4.0156275,19.55,85,279,47.7,390,65,1280
17-09-2007,1.245330556,13.687,84.439,311.001,44.077,206.909,75.828,1398.53
18-09-2007,1.558700926,18.77,80.725,327.53,46.824,176.876,83.139,1112.86
19-09-2007,1.714576204,15.993,71.878,252.679,40.325,141.96,44.215,1063.42
20-09-2007,5.612018426,23.024,88.299,165.758,45.284,89.027,53.445,918.689
21-09-2007,5.91559037,20.556,88.834,228.674,42.626,90.975,40.991,904.847
22-09-2007,8.884066759,18.266,85.643,223.395,44.578,198.372,35.761,870.584
23-09-2007,8.519283519,20,80,230,43.72,200,35,912
24-09-2007,21.66139537,8.166,97.481,246.336,47.031,708.296,91.37,1383.03
25-09-2007,5.883701019,11.365,134.724,432.878,67.122,648.723,332.506,2761.75
26-09-2007,5.590046389,11.195,170.154,484.015,22.909,596.637,267.486,2780.76
27-09-2007,18.38134435,70.527,249.658,503.953,57.837,240.857,258.94,2274.71
28-09-2007,5.073031019,47.564,163.854,548.894,150.151,454.897,445.136,3898.71
29-09-2007,5.99866787,28.314,316.659,453.431,110.861,256.829,286.132,3182.36
30-09-2007,4.05912787,205.214,150,340,90,220,155,2500
01-07-2008,6.82545213,12.187,124.545,46.342,62.327,61.664,11.511,790.127
02-07-2008,3.14911463,6.643,146.719,51.14,52.108,45.837,6.346,439.764
03-07-2008,0.702624815,5.433,87.605,54.71,32.385,38.334,4.755,351.267
04-07-2008,0.724675556,4.577,52.352,36.855,26.88,34.814,3.375,324.08
05-07-2008,3.10147,0.912,47.015,39.604,22.08,32.741,2.982,285.818
06-07-2008,11.92927287,0.92,70,30,19.84,31.5,2.8,280
07-07-2008,16.90082519,5.195,87.563,29.277,19.547,30.478,6.688,309.419
08-07-2008,14.68810204,0.954,78.322,28.291,17.952,32.664,5.28,336.451
09-07-2008,13.17277435,1.015,167.253,39.624,26.217,35.84,4.666,352.643
10-07-2008,22.82945389,14.369,97.846,77.063,68.455,36.407,47,558.366
11-07-2008,2.441452685,7.574,116.369,53.991,46.625,37.85,54.92,988.63
12-07-2008,2.408313796,5.807,92.984,44.279,58.974,39.128,31.27,677.061
13-07-2008,1.448685833,5.9,90,34,52.18,52,12,460
14-07-2008,0.569655648,4.521,54.759,34.527,14.319,35.383,7.133,342.98
15-07-2008,1.712154444,0.924,48.084,29.024,15.247,23.102,7.219,342.98
16-07-2008,5.330846944,0.944,45.875,30.521,11.999,21.828,4.697,250.037
17-07-2008,10.84991417,0.903,68.962,32.287,18.17,19.915,9.168,245.467
18-07-2008,1.307175556,0.451,83.751,29.379,49.489,19.676,12.848,252.581
19-07-2008,1.827243981,0.447,72.75,25.626,14,18.559,9.713,249.582
20-07-2008,1.652488981,0.44,60,25,40,20,4.85,248
21-07-2008,11.48068278,0.457,57.538,21.979,16.484,14.543,7.26,236.5
22-07-2008,8.843709259,0.488,95.197,17.726,53.169,14.433,9.618,288.404
23-07-2008,9.594008333,0.337,76.011,22.703,134.266,15.129,5.641,285.902
24-07-2008,14.25000444,0.467,162.563,27.165,109.8,32.081,5.702,367.256
25-07-2008,9.097678333,0.437,296.771,25.116,83.678,58.32,7.827,584.492
26-07-2008,7.365285185,0.396,181.273,21.657,84.948,52.752,8.007,631.055
27-07-2008,12.41413731,0.65,165,25,78.2,33,8,440
28-07-2008,14.23983361,0.672,371.962,33.251,123.435,39.926,9.42,642.666
29-07-2008,18.75567963,14.593,216.73,35.554,78.351,55.2,10.952,684.425
30-07-2008,9.954261944,6.706,142.376,44.397,87.278,114.008,84.918,684.725
31-07-2008,6.518628241,3.524,100.058,99.541,54.953,87.99,86.327,755.73
01-08-2008,29.48308315,7.852,102.947,130.74,41.893,1150.94,70.792,806.774
02-08-2008,4.472646204,15.813,155.718,301.049,38.821,576.147,86.067,2363.38
03-08-2008,2.826513148,40,70,550,39.54,200,75,1630
04-08-2008,8.754479537,45.47,76.027,204.127,34.841,131.907,30.577,1530.38
05-08-2008,6.010986574,28.596,73.039,176.651,27.591,111.736,20.628,1074.58
06-08-2008,9.644589167,27.019,61.813,140.528,14.869,102.129,19.23,833.955
07-08-2008,10.86310491,13.77,65.826,130.903,27.696,93.834,70.28,781.645
08-08-2008,15.13317611,7.012,202.022,338.86,41.401,100.828,74.214,956.442
09-08-2008,15.62820259,3.911,120.151,238.103,62.867,645.983,86.841,1400.27
10-08-2008,20.01469685,2.4,180,220,35,900,115,1295
11-08-2008,22.99197778,5.081,203.843,229.506,59.315,2004.27,700,2254.94
12-08-2008,3.73061287,4.498,400.28,653.019,147.055,718.947,308.06,4157
13-08-2008,2.488960463,0.912,245.039,497.325,59.182,416.557,182.12,2966.29
14-08-2008,2.634977685,0.789,162.532,277.117,50.904,180.439,97.58,1626.2
15-08-2008,17.24353509,0.8,120,230,54.27,140,80,1368
16-08-2008,20.02337241,7.7,390.304,164.715,61.026,112.445,81.051,1444.87
17-08-2008,11.47019898,12,375,140,64.58,113,100,1769
18-08-2008,15.43616472,33.436,298.842,171.021,88.449,138.504,109.508,1723.48
19-08-2008,4.789325093,9.201,223.458,482.4,65,200.17,171.67,1824.11
20-08-2008,12.9699538,5.323,265.884,335.426,71.563,127.804,111.417,2065.81
21-08-2008,7.340655833,3.513,450.792,238.214,59.161,111.206,98.199,2051.51
22-08-2008,9.971506944,2.602,297.342,158.696,51.309,171.83,117.909,1611.48
23-08-2008,4.7803125,1.889,263.308,120.18,52.817,96.989,124.066,1637.47
24-08-2008,7.784927037,2,220,105.2,51.49,115,98,1300
25-08-2008,12.6088562,4.486,179.465,102.459,30.912,210.97,121.683,1035.68
26-08-2008,5.349126019,2.613,185.491,110.761,24.02,196.141,124.806,945.126
27-08-2008,3.418841204,22.92,118.551,126.873,45.227,133.991,113.245,954.764
28-08-2008,1.310712407,3.419,117.052,132.452,18.752,125.793,81.394,886.144
29-08-2008,3.580577778,3.323,98.767,103.482,17.151,65.138,18.181,819.726
30-08-2008,2.951533148,2.625,73.158,107.49,21.494,60.417,18.179,751.4
31-08-2008,8.282626574,4,80,100,20.31,100,8,738
01-09-2008,4.828937963,1.899,93.15,160.932,17.191,120.362,46.175,716.051
02-09-2008,13.40436972,2.152,98.339,195.771,17.348,200.325,52.266,747.055
03-09-2008,5.988026019,2.1,160,190,61.432,205,49.881,907
04-09-2008,9.404590463,6.562,102.222,124.765,53.316,207.269,117.612,1159.2
05-09-2008,3.472296019,2.822,79.936,121.449,32.247,467.943,171.141,1150.68
06-09-2008,5.279707963,1.738,63.653,101.018,24.525,166.225,141.654,981.208
07-09-2008,3.855840741,4,60,100,23.7,140,58,950
08-09-2008,1.982393611,6.548,87.789,105.413,27.112,107.115,52.308,773.784
09-09-2008,4.006253148,4.241,74.767,169.041,27.182,149.632,45.919,725.889
10-09-2008,8.462184074,2.771,77.495,222.266,24.754,94.121,37.38,704.083
11-09-2008,1.717079074,2.723,74.798,199.651,33.611,219.193,37.797,820.479
12-09-2008,0.887795,2.305,92.341,225.67,17.709,119.403,24.032,850.555
13-09-2008,3.057579352,2.036,92.353,243.392,12.252,56.651,24.15,883.784
14-09-2008,3.43100213,2,75,200,12.42,52,24,802
15-09-2008,6.403176574,2.148,63.681,191.043,11.795,53.154,63.869,762.908
16-09-2008,24.67572741,2.27,66.352,155.712,14.06,53.072,66.803,708.098
17-09-2008,25.55777213,2.712,68.721,200.461,40.06,2401.35,173.884,838.307
18-09-2008,54.72063611,6.165,100.829,245.498,25.046,4770.89,547,3947.31
19-09-2008,54.49619074,99.294,752.931,1756.55,290,4310.09,3380,10600.5
20-09-2008,7.332514722,85.358,700,2976.65,348.685,1158.12,1200,16826.7
21-09-2008,0.974393889,52,250,2200,142,700,375,6200
22-09-2008,7.454479074,27.383,164.459,936.905,69.194,1140.12,178.638,3888.89
23-09-2008,4.216450648,32.072,114.941,373.181,68.195,1002.67,136.465,2293.94
24-09-2008,0.651427778,14.274,106.03,305.002,66.849,469.465,144.785,2415.6
25-09-2008,0,6.308,77.722,245.235,38.529,280.125,116.988,1645.01
26-09-2008,0.003944722,5.315,62.654,223.682,25.923,210.192,70.228,1214.38
27-09-2008,0.006235185,3.469,63.163,181.262,25.795,142.187,67.626,1010.51
28-09-2008,0,3,63.17,102,18,150,50,827
29-09-2008,2.416414722,2.37,57.805,102.298,22.767,112.847,27.562,585.209
30-09-2008,4.624950833,2.196,66.199,86.411,23.347,59.327,24.773,611.604
01-07-2009,9.357108704,8.516,16.192,1.058,29.89620588,50.505,22.66773529,34.415
02-07-2009,18.22428519,8.099,21.099,3.848,30.10747059,56.009,22.59982353,54.023
03-07-2009,17.98121389,8.815,23.548,4.141,30.31873529,61.513,22.53191176,76.48
04-07-2009,18.21644556,6.242,73.963,7.187,30.53,67.017,22.464,91.939
05-07-2009,2.260720741,9,70,8,32.88,72.521,60,167
06-07-2009,11.93077333,8.09,24.206,8.117,9.459,78.025,26.766,155.399
07-07-2009,16.66858519,3.925,49.68,14.592,24.058,83.529,18.882,153.965
08-07-2009,11.04473796,7.997,57.015,15.48,39.804,89.033,33.43,180.558
09-07-2009,6.122338704,4.415,45.822,18.737,48.519,94.537,52.135,206.367
10-07-2009,7.377999444,11.596,37.602,13.842,31.755,100.041,21.188,251.675
11-07-2009,7.733740648,4.138,42.543,11.317,17.285,105.545,27.463,251.261
12-07-2009,6.732563981,3,50,11,17.38,111.049,20,221.4
13-07-2009,32.34678454,7.539,153.93,8.97,8.278,116.553,55.436,318.449
14-07-2009,95.11869287,4.19,346.735,354.818,46.307,122.057,373,2902.98
15-07-2009,52.96405963,2.598,258.65,2106.94,34.583,1151.65,450,6124.01
16-07-2009,33.60396667,9.96,211.123,2910.75,39.642,561.043,350,7571.73
17-07-2009,2.125532778,38.233,269.964,3039.17,44.772,198.034,180.67,6063.13
18-07-2009,6.98744037,8.83,128.868,1065.75,39.836,146.588,77.003,4458.82
19-07-2009,17.38257731,7.5,73,450,37.74,114,40,2437
20-07-2009,18.83499722,2.135,105.317,394.388,30.364,114.628,290,2781.95
21-07-2009,36.5707938,4.165,220.851,354.105,36.353,719.488,400,3183.8
22-07-2009,46.7391213,34.388,231.975,1245.15,40.353,1079.42,1000,16117.5
23-07-2009,3.160512222,9.012,153.81,2028.17,35.823,708.381,410,9745.59
24-07-2009,4.460703241,4,58.497,1024.3,33.549,303.524,175,6212.24
25-07-2009,0,1.669,121.923,695.256,23.2,174.239,113.638,2924.02
26-07-2009,2.927815833,0.45,73,250,22.39,100,69,1791
27-07-2009,8.796409167,0.369,81.973,193.175,18.054,96.109,54.544,1116.13
28-07-2009,11.708405,0.186,97.408,95.786,22.966,65.953,36.459,973.476
29-07-2009,3.023848148,0.879,70.233,99.771,15.824,464.481,69.125,854.901
30-07-2009,0.177168519,0.181,51.988,95.298,12.841,268.934,68.508,765.578
31-07-2009,0.355016667,0.171,34.727,102.794,7.574,76.728,38.949,815.17
01-08-2009,0.278325,0.184,29.795,89.393,6.312,64.762,38.968,639.769
02-08-2009,0.020248148,0.18,30,84,8.138,55,35,564
03-08-2009,0.253101389,0.175111111,25.88,79.65,4.925,50.924,17.004,541.673
04-08-2009,1.011094537,0.170222222,25.736,46.509,3.085,42.662,15.866,487.482
05-08-2009,0.3163675,0.165333333,22.996,37.417,4.491,36.941,9.454,524.456
06-08-2009,0.039366852,0.160444444,23.635,27.168,2.407,33.81,10.145,443.456
07-08-2009,2.122626204,0.155555556,23.781,28.57,2.409,10.522,5.44,412.923
08-08-2009,0.331766296,0.150666667,24.841,26.668,6.007,10.127,3.228,380.095
09-08-2009,7.739118796,0.145777778,24,19,5.939,10,3.2,363
10-08-2009,13.37759806,0.140888889,28.37,12.59,5.347,11.125,25.609,332.217
11-08-2009,37.50275556,0.136,60.438,27.263,37.27,38.574,22.301,384.244
12-08-2009,12.73649213,0.213,224.71,278.932,51.876,162.394,62.937,1733.81
13-08-2009,3.376829444,0.287,172.831,358.2,39.663,61.872,18.724,2009.36
14-08-2009,10.46270139,2.076,62.929,197.536,35.897,46.203,16.641,1786.5
15-08-2009,23.42794796,6,265,350,37.12,55,16,1716
16-08-2009,10.07544843,2.15,130,280,34.92,60,16.5,1738
17-08-2009,0.570953889,1.185,155.073,208.612,57.816,44.054,37.871,1766.39
18-08-2009,0.34586,0.107,81.202,154.076,24.706,31.286,26.42,1397.06
19-08-2009,3.470539444,0.079,61.998,129.993,17.74,43.748,20.201,859.476
20-08-2009,35.68583889,12.684,108.239,128.524,46.7,307.559,44.755,652.501
21-08-2009,14.12841537,10.506,141.332,446.24,55.025,315.657,166.971,1615.6
22-08-2009,10.80645898,4.25,191.605,508.145,111.603,174.325,112.249,2893.31
23-08-2009,6.684018148,2.5,150,460,107.79,75,65,2600
24-08-2009,4.911443796,1.184,123.183,309.986,57.39,80.667,18.149,1780.88
25-08-2009,14.82176065,0.329,100.992,198.235,48.808,80.906,41.55,1556.67
26-08-2009,23.63160204,1.217,93.873,197.09,52.488,194.691,75.767,1172.31
27-08-2009,17.4559188,4.546,75.398,211.539,58.539,2256.82,210,1204.13
28-08-2009,18.64703981,4.554,122.685,362.592,55.226,1797.46,310,5231.2
29-08-2009,3.381679907,9.753,187.276,472.202,59.353,577.938,167.017,5274.02
30-08-2009,0.614856389,8,180,446,56.86,340,90,2900
31-08-2009,6.833000833,3.645,77.297,286.834,49.252,135.505,55.733,2343.88
01-09-2009,13.22519713,1.133,63.912,354.362,55.236,487.212,44.968,1455.09
02-09-2009,5.972456389,13.277,86.864,362.142,42.425,353.477,36.498,1252.54
03-09-2009,5.85205213,11.408,97.424,377.399,39.615,336.915,96.217,1593.38
04-09-2009,4.071098889,6.886,64.998,350.029,52.016,380.509,158.26,1656.46
05-09-2009,5.227954907,5.692,79.634,283.242,52.125,239.603,107.367,1542.72
06-09-2009,7.346454259,2,80,191.58,48,132,95,1491
07-09-2009,4.70174213,1.461,51.028,176.846,29.525,92.113,53.339,1347.3
08-09-2009,8.400403704,1.55,47.614,154.081,27.606,61.817,54.704,934.06
09-09-2009,2.817313611,0.68,49.095,114.48,24.75,52.943,48.794,859.458
10-09-2009,3.945796759,0.742,67.531,104.363,20.67,39.163,39.054,759.62
11-09-2009,0.841472593,0.44,49.203,85.146,21.96,35.618,27.16,642.605
12-09-2009,0.012671019,0.344,50.729,71.617,18.255,28.091,22.389,617.333
13-09-2009,1.278313889,0.3,30,78.83,25,22,13,558.3
14-09-2009,0.536745463,0.162,26.481,79.47,14.064,20.662,12.718,447.271
15-09-2009,2.066513241,0.156,28.357,63.522,19.213,19.273,11.883,426.607
16-09-2009,0.000992037,0.145,26.299,57.082,22.73,18.564,8.374,411.902
17-09-2009,0.008043981,0.126,25.732,45.729,17.423,18.93,7.134,380.924
18-09-2009,0,0.026,20.435,23.299,14.223,17.409,6.79,343.166
19-09-2009,0.952112407,0.025,22.424,22.696,0.583,17.708,6.107,344.411
20-09-2009,0.725701574,0.025,21,22.9,0.78,21.5,6.05,340
21-09-2009,0.034436574,0.02,21,22.86,0.775,27,6,300
22-09-2009,0.138977593,0.02,25.343,22.816,0.462,18.782,5.777,260.536
23-09-2009,4.479989167,0.021,26.23,25.083,0.435,16.653,6.978,251.625
24-09-2009,2.082383056,0.021,35.569,20.934,2.225,18.639,55.121,368.315
25-09-2009,0.523362778,0.021,37,20.9,2.23,18.7,27,500
26-09-2009,0.531788981,0.021,39.306,20.619,5.644,19.274,21.625,373.153
27-09-2009,1.143277037,0.02,32,20.6,5.22,19.2,13,347
28-09-2009,0.463034907,7.5,30,20.6,3.98,18.7,12.95,347
29-09-2009,8.595915833,1.946,30.572,26.345,0.488,35.367,13.02,354.305
30-09-2009,1.169757593,0.455,34.183,74.337,0.571,36.313,20.842,361.371
01-07-2010,22.30001009,1.578,9.628,69.944,62.09597059,6.849,9.516108108,3.959
02-07-2010,2.546097407,1.585,9.806,72.311,64.08064706,38.085,9.150756757,10.757
03-07-2010,21.57661481,12.188,28.591,99.434,66.06532353,78.109,8.785405405,16.88
04-07-2010,11.4231663,40,48,74.9,68.05,75,8.420054054,70
05-07-2010,8.742237315,10.377,40.348,66.073,42.251,33.366,8.054702703,89.31
06-07-2010,8.29593213,10.314,46.222,71.692,9.04,18.659,7.689351351,740.708
07-07-2010,16.49132148,5.019,39.164,61.416,18.2,99.442,7.324,697.811
08-07-2010,8.747188056,8.73,40.156,71.042,8.2,158.185,4.797,633.136
09-07-2010,2.75058713,5.95,55.144,67.655,19.78,95.128,4.67,596.829
10-07-2010,0.98595463,2.662,38.412,55.334,8.9,35.749,4.265,559.614
11-07-2010,19.57538009,3,45,53,8.5,21,5.04,95
12-07-2010,28.17641454,3.06,171.347,66.038,41.975,1044.28,5.044,694.085
13-07-2010,12.21762491,8.712,156.453,54.5,63.302,541.076,109.579,786.184
14-07-2010,22.9656787,25.672,233.592,121.132,84.336,544.898,66.546,1340.61
15-07-2010,21.53204981,23.235,225.408,190.848,77.989,519.515,59.558,1326.29
16-07-2010,3.112979167,4.779,284.361,143.646,62.109,282.07,51.788,1784.71
17-07-2010,3.016872407,11.14,176.444,253.684,51.258,204.683,22.852,1420.89
18-07-2010,1.416238056,2.239,55,218.8,20.76,95,22.787,1050
19-07-2010,0.552161204,2.088,49.752,152.234,18.761,53.257,22.765,809.85
20-07-2010,3.8018525,0.905,38.239,115.312,8.5,46.603,17,737.833
21-07-2010,8.241323704,1.175,18.649,97.927,10.942,42.161,10.509,565.703
22-07-2010,4.238781019,8.707,20.425,91.875,13.43,94.972,27.299,568.818
23-07-2010,4.900491759,2.401,26.061,104.518,8.1,140.935,47.14,539.222
24-07-2010,27.39885583,3.177,27.319,132.869,55.195,151.983,53.433,651.45
25-07-2010,48.4942463,45.149,65,160,41,2350,367.699,1400
26-07-2010,43.94213519,45.22,224.391,2516.73,47.635,2342.32,368.11,7465.19
27-07-2010,15.7402075,28.996,258.62,1907.49,49.526,1018.54,365.676,8405.84
28-07-2010,4.6255025,32.357,167.068,2613.15,36.891,474.754,168.542,7688.36
29-07-2010,7.161478426,26.577,73.922,974.291,14.261,269.746,123.318,5384.73
30-07-2010,6.161354722,8.363,42.816,724.891,9.363,203.694,60.444,2912.54
31-07-2010,16.96941352,7.971,42.886,565.887,34.808,191.785,55.936,1823.86
01-08-2010,1.661213796,11.263,150,750,16.994,100,40.645,1769
02-08-2010,9.025810833,11.264,305.627,610.231,29.337,96.797,40.597,1817.6
03-08-2010,27.76280981,81.226,430.736,410.645,68.217,90.779,29.289,1852.62
04-08-2010,6.107426574,76.933,778.662,452.594,132.231,54.778,30.089,2594.38
05-08-2010,13.64621796,41.673,305.993,440.325,82.732,36.125,44.496,2291.76
06-08-2010,47.91608833,43.69,803.251,440.535,64.865,1833.96,65.183,2490.62
07-08-2010,6.147802685,31.573,360.276,2505.85,55.276,2009.72,350,2888.63
08-08-2010,1.408928981,10.836,160,2660,45,302,150,5670
09-08-2010,0.358826481,10.828,113.367,865.633,33.521,274.275,120.86,5532.67
10-08-2010,1.609064352,9.373,65.105,354.758,21.053,135.575,59.626,2435.32
11-08-2010,1.794310463,30.39,37.492,278.822,16.994,99.759,33.84,1320.06
12-08-2010,4.639758333,24.967,62.039,244.888,9.804,101.663,37.621,1052.19
13-08-2010,5.336753056,11.888,53.767,263.37,41.886,129.787,36.947,988.499
14-08-2010,4.39256537,8.818,45.554,222.096,24.925,120.468,31.695,984.036
15-08-2010,11.14044213,9.363,50,230,20,120,65.5,950
16-08-2010,17.25863028,9.368,163.449,253.105,4,298.481,65.518,1073.1
17-08-2010,4.556888796,36.546,157.992,722.915,66.886,206.785,145.025,1495.95
18-08-2010,1.852091759,10.117,152.661,361.291,34.747,145.305,76.341,1933.14
19-08-2010,7.618175648,4.992,96.62,307.945,2.9,95.424,45.895,1372.71
20-08-2010,19.49298019,24.224,132.853,346.545,68.47,114.595,24.367,1250.16
21-08-2010,12.22645685,7.768,276.246,730.919,44.623,388.914,103.607,2259.8
22-08-2010,2.892438333,4.706,200,600,7,375,148.67,2475
23-08-2010,2.791186389,4.706,127.318,337.956,31.021,278.895,148.635,2419.63
24-08-2010,3.856876574,7.269,121.42,255.209,35.39,264.326,136.133,2211.48
25-08-2010,6.251024444,8.059,143.178,185.884,59.886,211.225,36.368,2026.6
26-08-2010,2.7295,33.052,147.466,183.075,48.872,128.329,30.189,1295.64
27-08-2010,1.75227213,7.021,84.313,162.479,38.038,123.775,30.819,1145.93
28-08-2010,4.896329537,2.495,55.676,150.441,48.185,91.123,20.073,978.807
29-08-2010,4.764268056,2.698,40,163,6.5,80,30.475,900
30-08-2010,14.61547213,2.699,110.686,294.367,6,101.412,30.487,903.745
31-08-2010,8.328806389,8.332,77.841,325.775,48.321,91.062,30.651,919.768
01-09-2010,2.915663704,8.905,55.429,339.137,9.751,115.614,83.419,991.551
02-09-2010,9.170185833,4.995,61.438,271.219,10.607,69.198,44.716,1104.31
03-09-2010,16.99127157,9.407,538.988,233.73,28.595,92.423,34.888,1192.43
04-09-2010,7.901618426,12.266,202.195,355.977,22.542,211.954,292.023,2425.75
05-09-2010,5.138593426,26.16,115,350,15,507.62,84.64,2000
06-09-2010,22.24350611,26.132,66.968,450.316,36.255,509.074,84.54,1609.8
07-09-2010,28.92465556,35.63,107.646,724.443,57.177,3192.87,286.403,1749.48
08-09-2010,32.51076944,192.443,226.228,2785.33,75.909,3191.63,240.188,7260.18
09-09-2010,4.193317407,127.701,121.141,3349.15,85.158,1107.13,278.323,9138.5
10-09-2010,2.763237407,77.981,79.908,1332.15,57.393,541.827,171.887,6968.55
11-09-2010,1.267964259,37.189,55,800,45,114.054,57.73,4000
12-09-2010,0.53778213,37.164,45,520,40,101.88,57.63,2000
13-09-2010,3.747224815,32.714,50.845,281.097,45.143,91.842,57.595,1652.85
14-09-2010,8.83305,28.558,75.201,267.534,45.505,125.144,38.484,1649.41
15-09-2010,12.14107481,13.157,133.686,239.017,60.318,101.933,76.305,1681.77
16-09-2010,11.62418935,46.947,256.101,553.959,59.416,312.103,141.005,1920.3
17-09-2010,11.24237407,57.518,204.022,494.533,51.392,334.428,306.811,3781.04
18-09-2010,29.7017775,32.644,176.796,606.957,82.332,986.135,253.937,3575.01
19-09-2010,27.45736481,60,266,2500,150,2245.69,245.08,5000
20-09-2010,11.36062139,122.054,758.118,2689.89,343.546,1967.45,245.15,8033.01
21-09-2010,2.352349167,67.894,310.119,1753.58,328.4,448.19,244.468,7662.32
22-09-2010,0.404236481,57.554,280.335,584.632,111.379,606.433,172.592,5441.14
23-09-2010,0.326123796,35.223,147.715,414.047,65.505,276.887,137.331,3143.61
24-09-2010,0.387740741,26.197,82.985,327.798,52.195,266.032,88.243,1899.06
25-09-2010,0.110179907,19.357,62.909,278.325,48.604,116.883,42.507,1666.54
26-09-2010,0.446860278,8.464,55,240,45,39.915,29.17,1061.54
27-09-2010,0.225162222,8.46,43.338,176.992,30.918,38.334,29.16,1009.02
28-09-2010,0.012188148,7.745,40.807,148.421,27.428,41.245,30.363,841.089
29-09-2010,0,5.168,37.235,127.665,30.662,39.885,22.147,660.84
30-09-2010,0,4.886,32.418,104.334,10.795,34.498,17.236,600.699
01-07-2011,2.659121944,3.529,27.176,12.751,5.251710526,36.292,2.056,116.067
02-07-2011,0.127429352,5.055,22.226,11.603,5.072894737,30.984,2.166,150.3
03-07-2011,6.717098056,3.2,21.49,11.7,4.894078947,33,2,97.5
04-07-2011,6.003138426,1.078,18.629,11.807,4.715263158,34.934,1.898,69.876
05-07-2011,19.58590222,3.142,17.7,13.292,4.536447368,34.875,2.28,70.77
06-07-2011,5.712241296,130.48,19.209,13.732,4.357631579,18.031,4.104,85.802
07-07-2011,6.490279537,20.457,18.471,13.115,4.178815789,34.091,7.324,74.812
08-07-2011,13.44342667,9.872,41.713,14.636,4,41.192,2.824,75.979
09-07-2011,5.017698148,18.6,42.502,15.498,1.8,39.299,2.988,14.554
10-07-2011,4.512438796,10.7,160,14,4.1,40,2.25,328.4
11-07-2011,1.465079444,10.648,64.549,17.629,6,39.147,8.996,264.285
12-07-2011,2.584902963,5.025,43.97,21.825,0.8,33.121,5.803,237.867
13-07-2011,17.8452963,4.909,33.555,34.778,9,95.121,5.541,221.243
14-07-2011,3.564565463,20.188,32.956,29.486,15,97.412,4.002,196.335
15-07-2011,15.0439125,4.801,25.503,171.675,7,80.408,9.123,157.993
16-07-2011,6.268615463,3.205,29.532,18.207,10,78.53,6.079,266.684
17-07-2011,11.38296991,20.85,160,31,62.5,114,10,539
18-07-2011,11.57567546,8.082,84.628,22.05,50,77.963,8.066,435.467
19-07-2011,7.327363704,10.053,84.375,20.348,68.787,59.15,5.916,505.277
20-07-2011,15.97729907,9.913,68.082,45.213,57.835,56.807,4.245,477.237
21-07-2011,27.69185093,4.949,127.472,64.103,42.934,103.852,68,452.354
22-07-2011,32.30656944,4.583,107.425,1868.45,71.874,220.653,5.13,459.8
23-07-2011,20.77946417,4.403,121.64,2569.27,55.834,258.407,135.434,3871.66
24-07-2011,2.020826759,6,230,820,62.5,180,126,5603
25-07-2011,0.908993056,5.53,103.658,684.946,57.203,90.256,74.891,2407.67
26-07-2011,1.32144,3.441,71.575,414.923,50.26,75.19,22.133,848.565
27-07-2011,2.119983241,1.72,40.444,299.509,37.858,56.814,13.928,743.977
28-07-2011,0.659365093,1.101,34.008,260.439,8.095,39.559,7.99,560.187
29-07-2011,2.306921019,1.115,31.708,146.995,5.798,33.037,4.6,484.934
30-07-2011,11.12166583,5.419,30.986,119.584,9.921,87.39,4.079,436.81
31-07-2011,3.779486852,2.8,40,170,23.3,92,3.85,350.4
01-08-2011,1.190240741,1.104,33.587,117.367,14.179,57.715,15.745,506.478
02-08-2011,4.065455093,4.891,31.935,96.703,33.647,40.073,14.095,445.138
03-08-2011,29.81041954,7.796,30.545,81.193,21.532,34.558,13.515,463.407
04-08-2011,16.2248238,23.126,35.162,123.896,31.088,491.724,23.428,524.89
05-08-2011,7.055800556,38.092,37.717,283.818,36.543,199.054,14.289,431.128
06-08-2011,18.80716056,46.364,42.038,433.761,45.487,89.595,19.904,1093.51
07-08-2011,16.56720889,37.264,98,118,50,75,17.6,1250
08-08-2011,18.78121389,38.115,431.244,440.227,58.225,48.01,13.9,1588.24
09-08-2011,13.60078935,32.139,353.33,509.16,66.417,45.544,13.009,1550.29
10-08-2011,12.41054972,26.412,131.008,496.139,77.792,39.985,7.717,1627.44
11-08-2011,11.95010889,46.808,154.267,689.907,331.937,33.458,7.4,1542.37
12-08-2011,20.0696963,32.011,307.84,554.499,86.635,31.691,5.874,2330.25
13-08-2011,14.928985,20.815,413.492,477.054,85.727,47.661,4.648,2198.04
14-08-2011,12.61051148,19.826,400,436.7,295,75.681,85,2100
15-08-2011,9.792860278,42.582,450,373.4,300,50,73,2320
16-08-2011,3.459418519,32.409,362.976,281.97,277.043,39.858,23.751,2207
17-08-2011,6.980829259,40.044,315.152,278.151,240.627,34.621,13.935,1662.2
18-08-2011,11.46704611,19.942,398.425,256.906,126.587,35.927,14.494,1626.06
19-08-2011,18.52890648,19.295,320.252,316.618,140.063,37.058,15.136,1541.61
20-08-2011,13.14221963,44.672,399.192,598.113,136.727,75.415,39.305,2513.46
21-08-2011,1.834216111,37.592,360,580,145,78.5,72,2480
22-08-2011,1.228521204,31.869,188.958,573.488,65.034,73.26,35.321,1946.17
23-08-2011,3.511823981,18.307,41.512,394.561,71.557,56.421,33.672,1599.21
24-08-2011,9.526289352,17.929,109.103,317,101.636,47.71,25.705,1216.67
25-08-2011,12.07077537,18.253,116.319,280.783,62.819,36.382,27.166,1144.46
26-08-2011,14.97877444,17.997,119.12,300.095,59.788,40.258,77.113,1216.53
27-08-2011,20.35681667,42.271,158.703,362.223,57.026,104.462,78.89,1354.13
28-08-2011,16.5486463,43.536,200,1225.07,58,280,154,2100
29-08-2011,10.38023537,44.25,377.514,1427.35,113.905,214.538,36.499,3767.5
30-08-2011,18.37265815,52.55,270.466,1731.98,97.794,279.778,219.203,3788.74
31-08-2011,10.83657694,49.865,130,1902,70,1111.8,205,3972.2
01-09-2011,11.28425324,50.374,50,1415.82,100,540,148.454,5685.21
02-09-2011,20.78917685,50.389,106.602,1410.65,118.127,1023.43,148.246,4688.88
03-09-2011,23.1012787,109.036,415.44,1911.01,465.966,391.288,163.337,5131.75
04-09-2011,14.79437556,46.219,800,1142.25,550,286,126.16,5600.2
05-09-2011,6.133934259,46.188,699.126,1139.53,422.43,181.141,126.131,5238.45
06-09-2011,29.82092907,49.479,1718.53,944.918,345.352,402.493,170.653,5012.78
07-09-2011,62.55130556,236.638,2611.59,2442.68,669.972,3679.13,1776,9809.88
08-09-2011,45.04322611,361.339,2398.83,5156.11,498.279,1789.96,2849,18680.6
09-09-2011,24.71928611,232.779,5153.71,7358.73,489.935,727.845,2174,23365.9
10-09-2011,18.54285065,125.894,7731.67,6127.15,435.098,377.101,772,17095.4
11-09-2011,2.164651019,70.183,4200,605.58,400,293.11,352,14250.8
12-09-2011,1.349759352,70.118,552.453,602.984,349.768,232.951,232.905,5596.86
13-09-2011,2.525065278,44.867,362.4,533.597,180.15,148.821,150.265,2794.38
14-09-2011,11.33450519,43.552,410.35,371.058,199.402,199.481,135.228,1973.82
15-09-2011,10.00855713,40.739,449.176,347.271,207.819,141.738,158.888,2036.52
16-09-2011,12.20004769,50.522,1402.6,425.913,190.462,132.448,143.79,2781.07
17-09-2011,17.56356148,44.881,1115.94,585.079,227.021,354.865,132.625,2188.71
18-09-2011,11.64051694,38.165,1500,848.533,300,390.427,150,3560.1
19-09-2011,3.779615185,38.16,525.05,849.148,244.516,390.329,308.04,3289.6
20-09-2011,13.84499241,37.391,416.14,637.754,165.188,383.079,251.12,2851.48
21-09-2011,6.857858426,31.572,319.047,733.804,166.674,723.447,419.957,3953.8
22-09-2011,2.495869537,31.344,249.545,946.69,154.391,487.034,272.787,3545.34
23-09-2011,4.576671111,15.728,291.378,714.671,102.918,382.467,170.751,755.26
24-09-2011,13.83176259,12.347,411.908,514.22,92.796,232.592,222.092,2334.25
25-09-2011,4.679112778,10.679,400,280.475,90,150.6,144.71,2010
26-09-2011,0.745145648,10.678,345.633,280.146,90.156,150.33,144.576,1838.23
27-09-2011,0.050676574,8.418,305.307,239.985,56.215,164.327,137.029,1595.95
28-09-2011,0.009496019,7.848,189.525,185.693,52.246,147.562,90.472,948.622
29-09-2011,0,7.472,219.017,149.601,53.431,136.124,55.258,787.855
30-09-2011,0,6.234,190.857,132.377,57.107,110.485,35.761,736.336
,,,,,,,,
,,,,,,,,
,,,,,,,,
,,,,,,,,
,,,,,,,,
,,,,,,,,
,,,,,,,,
,,,,,,,,
,,,,,,,,
,,,,,,,,
,,,,,,,,
,,,,,,,,
,,,,,,,,
,,,,,,,,
,,,,,,,,
,,,,,,,,
,,,,,,,,
,,,,,,,,
,,,,,,,,
,,,,,,,,
,,,,,,,,
,,,,,,,,
,,,,,,,,
,,,,,,,,
,,,,,,,,
,,,,,,,,
,,,,,,,,
,,,,,,,,
,,,,,,,,
,,,,,,,,
,,,,,,,,
,,,,,,,,
,,,,,,,,
,,,,,,,,
,,,,,,,,
,,,,,,,,
,,,,,,,,
,,,,,,,,
,,,,,,,,
,,,,,,,,
,,,,,,,,
,,,,,,,,
,,,,,,,,
,,,,,,,,
,,,,,,,,
,,,,,,,,
,,,,,,,,
,,,,,,,,
,,,,,,,,
,,,,,,,,
,,,,,,,,
,,,,,,,,
,,,,,,,,
,,,,,,,,
,,,,,,,,
,,,,,,,,
,,,,,,,,
,,,,,,,,
,,,,,,,,
,,,,,,,,
,,,,,,,,
,,,,,,,,
,,,,,,,,
,,,,,,,,
,,,,,,,,
,,,,,,,,
,,,,,,,,
,,,,,,,,
,,,,,,,,
,,,,,,,,
,,,,,,,,
,,,,,,,,
,,,,,,,,
,,,,,,,,
,,,,,,,,
,,,,,,,,
,,,,,,,,
,,,,,,,,
,,,,,,,,
,,,,,,,,
,,,,,,,,
,,,,,,,,
,,,,,,,,
,,,,,,,,
,,,,,,,,
,,,,,,,,
,,,,,,,,
,,,,,,,,
,,,,,,,,
,,,,,,,,
,,,,,,,,
,,,,,,,,
,,,,,,,,
,,,,,,,,
,,,,,,,,
,,,,,,,,
,,,,,,,,
,,,,,,,,
,,,,,,,,
,,,,,,,,
,,,,,,,,
,,,,,,,,
,,,,,,,,
,,,,,,,,
,,,,,,,,
,,,,,,,,
,,,,,,,,
,,,,,,,,
,,,,,,,,
,,,,,,,,
,,,,,,,,
,,,,,,,,
,,,,,,,,
,,,,,,,,
,,,,,,,,
,,,,,,,,
,,,,,,,,
,,,,,,,,
,,,,,,,,
,,,,,,,,
,,,,,,,,
,,,,,,,,
,,,,,,,,
,,,,,,,,
,,,,,,,,
,,,,,,,,
,,,,,,,,
,,,,,,,,
,,,,,,,,
,,,,,,,,
,,,,,,,,
,,,,,,,,
,,,,,,,,
,,,,,,,,
,,,,,,,,
,,,,,,,,
,,,,,,,,
,,,,,,,,
,,,,,,,,
,,,,,,,,
,,,,,,,,
,,,,,,,,
,,,,,,,,
,,,,,,,,
,,,,,,,,
,,,,,,,,
,,,,,,,,
,,,,,,,,
,,,,,,,,
,,,,,,,,
,,,,,,,,
,,,,,,,,
,,,,,,,,
,,,,,,,,
,,,,,,,,
,,,,,,,,
,,,,,,,,
,,,,,,,,
,,,,,,,,
,,,,,,,,
,,,,,,,,
,,,,,,,,
,,,,,,,,
,,,,,,,,
,,,,,,,,
,,,,,,,,
,,,,,,,,
,,,,,,,,
,,,,,,,,
,,,,,,,,
,,,,,,,,
,,,,,,,,
,,,,,,,,
,,,,,,,,
,,,,,,,,
,,,,,,,,
,,,,,,,,
,,,,,,,,
,,,,,,,,
,,,,,,,,
,,,,,,,,
,,,,,,,,
,,,,,,,,
,,,,,,,,
,,,,,,,,
,,,,,,,,
,,,,,,,,
,,,,,,,,
,,,,,,,,
,,,,,,,,
,,,,,,,,
,,,,,,,,
,,,,,,,,
,,,,,,,,
,,,,,,,,
,,,,,,,,
,,,,,,,,
,,,,,,,,
,,,,,,,,
,,,,,,,,
,,,,,,,,
,,,,,,,,
,,,,,,,,
,,,,,,,,
,,,,,,,,
,,,,,,,,
,,,,,,,,
,,,,,,,,
,,,,,,,,
,,,,,,,,
,,,,,,,,
,,,,,,,,
,,,,,,,,
,,,,,,,,
,,,,,,,,
,,,,,,,,
,,,,,,,,
,,,,,,,,
,,,,,,,,
,,,,,,,,
,,,,,,,,
,,,,,,,,
,,,,,,,,
,,,,,,,,
,,,,,,,,
,,,,,,,,
,,,,,,,,
,,,,,,,,
,,,,,,,,
,,,,,,,,
,,,,,,,,
,,,,,,,,
,,,,,,,,
,,,,,,,,
,,,,,,,,
,,,,,,,,
,,,,,,,,
,,,,,,,,
,,,,,,,,
,,,,,,,,
,,,,,,,,
,,,,,,,,
,,,,,,,,
,,,,,,,,
,,,,,,,,
,,,,,,,,
,,,,,,,,
,,,,,,,,
,,,,,,,,
,,,,,,,,
,,,,,,,,
,,,,,,,,
,,,,,,,,
,,,,,,,,
,,,,,,,,
,,,,,,,,
,,,,,,,,
,,,,,,,,
,,,,,,,,
,,,,,,,,
,,,,,,,,
,,,,,,,,
,,,,,,,,
,,,,,,,,
,,,,,,,,
,,,,,,,,
,,,,,,,,
,,,,,,,,
,,,,,,,,
,,,,,,,,
,,,,,,,,
,,,,,,,,
,,,,,,,,
,,,,,,,,
,,,,,,,,
,,,,,,,,
,,,,,,,,
,,,,,,,,
,,,,,,,,
,,,,,,,,
,,,,,,,,
,,,,,,,,
,,,,,,,,
,,,,,,,,
,,,,,,,,
,,,,,,,,
,,,,,,,,
,,,,,,,,
,,,,,,,,
,,,,,,,,
,,,,,,,,
,,,,,,,,
,,,,,,,,
,,,,,,,,
,,,,,,,,
,,,,,,,,
,,,,,,,,
,,,,,,,,
,,,,,,,,
,,,,,,,,
,,,,,,,,
,,,,,,,,
,,,,,,,,
,,,,,,,,
,,,,,,,,
,,,,,,,,
,,,,,,,,
,,,,,,,,
,,,,,,,,
,,,,,,,,
,,,,,,,,
,,,,,,,,
,,,,,,,,
,,,,,,,,
,,,,,,,,
,,,,,,,,
,,,,,,,,
,,,,,,,,
,,,,,,,,
,,,,,,,,
,,,,,,,,
,,,,,,,,
,,,,,,,,
,,,,,,,,
,,,,,,,,
,,,,,,,,
,,,,,,,,
,,,,,,,,
,,,,,,,,
,,,,,,,,
,,,,,,,,
,,,,,,,,
,,,,,,,,
,,,,,,,,
,,,,,,,,
,,,,,,,,
,,,,,,,,
,,,,,,,,
,,,,,,,,
,,,,,,,,
,,,,,,,,
,,,,,,,,
,,,,,,,,
,,,,,,,,
,,,,,,,,
,,,,,,,,
,,,,,,,,
,,,,,,,,
,,,,,,,,
,,,,,,,,
,,,,,,,,
,,,,,,,,
,,,,,,,,
,,,,,,,,
,,,,,,,,
,,,,,,,,
,,,,,,,,
,,,,,,,,
,,,,,,,,
,,,,,,,,
,,,,,,,,
,,,,,,,,
,,,,,,,,
,,,,,,,,
,,,,,,,,
,,,,,,,,
